0,2.0,5.0,0.0,0.0,0.0,0.0,0.0,1.0,1.0,9.0,2.0,0.0,2.0,0.0,1.0,0.0,0.0,1.0,0.0,5.0,0.0,5.0,0.0,1.0,2.0,1.0,0.0,2.0,1.0,1.0,3.0,0.0,1.0,10.0,3.0,0.0,1.0,1.0,0.0,2.0,0.0,2.0,1.0,0.0,2.0,0.0,0.0,0.0,5.0
1,0.0,0.0,0.0,0.0,0.0,0.0,0.0,0.0,2.0,5.0,2.0,0.0,0.0,0.0,1.0,2.0,2.0,4.0,6.0,2.0,0.0,0.0,0.0,4.0,1.0,3.0,2.0,0.0,4.0,0.0,1.0,0.0,0.0,4.0,1.0,1.0,1.0,2.0,0.0,0.0,0.0,0.0,0.0,0.0,0.0,0.0,0.0,0.0,5.0
2,1.0,0.0,0.0,0.0,0.0,0.0,0.0,1.0,1.0,5.0,2.0,0.0,1.0,0.0,1.0,1.0,2.0,3.0,6.0,3.0,0.0,1.0,2.0,5.0,3.0,1.0,2.0,1.0,2.0,0.0,1.0,0.0,1.0,6.0,1.0,0.0,1.0,1.0,0.0,0.0,0.0,0.0,0.0,0.0,0.0,0.0,0.0,0.0,5.0
3,0.0,0.0,0.0,0.0,0.0,0.0,0.0,1.0,2.0,6.0,1.0,0.0,0.0,0.0,1.0,1.0,3.0,2.0,3.0,3.0,1.0,2.0,0.0,1.0,2.0,3.0,0.0,1.0,1.0,0.0,2.0,0.0,3.0,5.0,1.0,0.0,1.0,1.0,0.0,0.0,0.0,0.0,1.0,0.0,2.0,0.0,0.0,0.0,5.0
4,0.0,0.0,0.0,0.0,0.0,0.0,0.0,0.0,1.0,5.0,1.0,0.0,0.0,0.0,1.0,2.0,4.0,1.0,2.0,2.0,0.0,2.0,1.0,3.0,0.0,5.0,2.0,0.0,3.0,0.0,0.0,0.0,1.0,3.0,2.0,1.0,2.0,2.0,0.0,0.0,0.0,0.0,0.0,0.0,0.0,0.0,0.0,0.0,5.0
5,0.0,1.0,2.0,0.0,0.0,0.0,0.0,3.0,1.0,5.0,1.0,0.0,1.0,0.0,1.0,0.0,9.0,0.0,1.0,1.0,0.0,0.0,0.0,0.0,0.0,1.0,0.0,1.0,0.0,0.0,2.0,0.0,0.0,2.0,0.0,0.0,0.0,1.0,0.0,0.0,4.0,2.0,1.0,1.0,1.0,0.0,0.0,0.0,5.0
6,3.0,1.0,1.0,0.0,0.0,0.0,0.0,2.0,3.0,1.0,1.0,0.0,1.0,0.0,1.0,0.0,4.0,0.0,1.0,1.0,0.0,1.0,0.0,1.0,5.0,0.0,0.0,1.0,0.0,0.0,1.0,0.0,1.0,4.0,4.0,1.0,1.0,1.0,0.0,2.0,1.0,0.0,1.0,0.0,2.0,0.0,0.0,0.0,5.0
7,1.0,1.0,2.0,0.0,0.0,0.0,0.0,3.0,2.0,5.0,3.0,0.0,2.0,0.0,1.0,1.0,2.0,3.0,2.0,3.0,1.0,4.0,1.0,2.0,2.0,0.0,1.0,6.0,0.0,1.0,4.0,1.0,0.0,3.0,0.0,3.0,0.0,4.0,0.0,0.0,0.0,2.0,2.0,0.0,3.0,0.0,0.0,0.0,5.0
8,0.0,0.0,0.0,0.0,0.0,0.0,0.0,1.0,1.0,4.0,2.0,1.0,0.0,0.0,2.0,2.0,5.0,5.0,4.0,4.0,0.0,1.0,0.0,2.0,0.0,5.0,2.0,1.0,3.0,0.0,2.0,0.0,1.0,4.0,1.0,1.0,1.0,2.0,0.0,0.0,0.0,0.0,0.0,0.0,1.0,0.0,0.0,0.0,5.0
9,0.0,1.0,0.0,0.0,0.0,0.0,0.0,1.0,2.0,4.0,2.0,0.0,0.0,0.0,1.0,2.0,4.0,3.0,2.0,0.0,0.0,0.0,0.0,2.0,3.0,4.0,1.0,0.0,2.0,0.0,1.0,0.0,0.0,6.0,0.0,0.0,1.0,1.0,0.0,0.0,0.0,0.0,0.0,0.0,0.0,0.0,0.0,0.0,5.0
10,0.0,0.0,1.0,0.0,0.0,0.0,0.0,2.0,1.0,4.0,2.0,1.0,0.0,0.0,2.0,2.0,3.0,3.0,5.0,2.0,0.0,0.0,1.0,4.0,2.0,7.0,1.0,1.0,2.0,0.0,2.0,0.0,0.0,4.0,0.0,2.0,0.0,3.0,0.0,0.0,1.0,1.0,0.0,0.0,1.0,0.0,0.0,0.0,5.0
11,1.0,2.0,4.0,0.0,0.0,0.0,0.0,4.0,2.0,3.0,0.0,2.0,0.0,0.0,2.0,0.0,2.0,4.0,0.0,2.0,0.0,3.0,1.0,1.0,4.0,0.0,1.0,5.0,0.0,1.0,3.0,1.0,1.0,2.0,1.0,3.0,0.0,3.0,0.0,0.0,0.0,1.0,3.0,0.0,4.0,0.0,0.0,0.0,5.0
12,0.0,0.0,0.0,0.0,0.0,0.0,0.0,0.0,1.0,6.0,1.0,0.0,0.0,0.0,1.0,1.0,3.0,3.0,5.0,2.0,0.0,0.0,0.0,3.0,2.0,7.0,1.0,0.0,2.0,0.0,1.0,0.0,1.0,4.0,1.0,1.0,1.0,2.0,0.0,0.0,0.0,0.0,0.0,0.0,1.0,0.0,0.0,0.0,5.0
13,0.0,2.0,1.0,0.0,0.0,0.0,0.0,2.0,2.0,7.0,2.0,0.0,1.0,0.0,1.0,1.0,6.0,7.0,0.0,2.0,0.0,1.0,2.0,1.0,1.0,0.0,1.0,3.0,1.0,0.0,4.0,0.0,0.0,5.0,0.0,2.0,0.0,3.0,0.0,0.0,0.0,1.0,1.0,0.0,2.0,0.0,0.0,0.0,5.0
14,0.0,1.0,2.0,1.0,0.0,0.0,1.0,3.0,1.0,6.0,3.0,0.0,2.0,0.0,1.0,1.0,3.0,1.0,1.0,4.0,0.0,3.0,1.0,1.0,1.0,2.0,1.0,1.0,2.0,0.0,2.0,0.0,2.0,5.0,0.0,1.0,0.0,2.0,0.0,0.0,2.0,0.0,1.0,0.0,2.0,0.0,0.0,0.0,5.0
15,0.0,1.0,1.0,0.0,0.0,0.0,0.0,2.0,2.0,4.0,1.0,1.0,0.0,0.0,2.0,1.0,4.0,4.0,0.0,3.0,0.0,2.0,3.0,1.0,4.0,6.0,1.0,2.0,1.0,0.0,2.0,0.0,0.0,5.0,0.0,2.0,0.0,3.0,0.0,0.0,0.0,0.0,2.0,0.0,3.0,0.0,0.0,0.0,5.0
16,2.0,4.0,1.0,0.0,0.0,0.0,0.0,2.0,1.0,3.0,1.0,1.0,1.0,0.0,2.0,0.0,4.0,1.0,2.0,2.0,0.0,1.0,0.0,1.0,3.0,3.0,3.0,4.0,1.0,0.0,3.0,0.0,2.0,7.0,1.0,0.0,0.0,1.0,0.0,1.0,0.0,1.0,3.0,0.0,4.0,0.0,0.0,0.0,5.0
17,0.0,2.0,1.0,0.0,0.0,0.0,0.0,2.0,2.0,5.0,0.0,0.0,0.0,0.0,1.0,0.0,4.0,7.0,1.0,5.0,0.0,3.0,3.0,2.0,3.0,2.0,1.0,2.0,1.0,0.0,2.0,0.0,0.0,5.0,0.0,1.0,0.0,2.0,0.0,0.0,0.0,0.0,1.0,0.0,2.0,0.0,0.0,0.0,5.0
18,4.0,3.0,3.0,1.0,0.0,0.0,0.0,3.0,1.0,8.0,4.0,0.0,3.0,0.0,1.0,1.0,2.0,2.0,1.0,5.0,0.0,5.0,1.0,2.0,1.0,0.0,0.0,3.0,0.0,0.0,4.0,0.0,1.0,4.0,0.0,2.0,0.0,3.0,0.0,0.0,2.0,3.0,2.0,0.0,2.0,0.0,0.0,0.0,5.0
19,1.0,1.0,0.0,0.0,0.0,0.0,0.0,1.0,2.0,4.0,1.0,0.0,0.0,0.0,1.0,1.0,7.0,5.0,0.0,2.0,0.0,1.0,3.0,1.0,2.0,3.0,2.0,2.0,2.0,0.0,2.0,0.0,0.0,4.0,0.0,2.0,0.0,3.0,0.0,0.0,0.0,1.0,1.0,0.0,2.0,0.0,0.0,0.0,5.0
20,3.0,1.0,1.0,0.0,0.0,0.0,0.0,2.0,3.0,5.0,1.0,0.0,1.0,0.0,1.0,0.0,4.0,5.0,1.0,1.0,0.0,1.0,1.0,2.0,2.0,0.0,2.0,5.0,1.0,0.0,4.0,0.0,1.0,4.0,0.0,1.0,0.0,2.0,0.0,0.0,0.0,1.0,2.0,0.0,3.0,0.0,0.0,0.0,5.0
21,3.0,6.0,2.0,1.0,0.0,0.0,1.0,2.0,1.0,5.0,0.0,1.0,1.0,0.0,2.0,0.0,2.0,4.0,1.0,3.0,1.0,3.0,2.0,1.0,4.0,1.0,0.0,6.0,0.0,2.0,3.0,0.0,1.0,7.0,0.0,4.0,0.0,3.0,1.0,0.0,1.0,3.0,3.0,0.0,3.0,0.0,0.0,0.0,5.0
22,0.0,0.0,1.0,0.0,0.0,0.0,0.0,2.0,1.0,2.0,2.0,2.0,0.0,0.0,3.0,2.0,5.0,7.0,3.0,2.0,0.0,1.0,2.0,4.0,4.0,0.0,1.0,1.0,1.0,0.0,1.0,0.0,0.0,5.0,1.0,1.0,1.0,2.0,0.0,0.0,0.0,0.0,0.0,0.0,1.0,0.0,0.0,0.0,5.0
23,0.0,3.0,2.0,0.0,0.0,0.0,0.0,3.0,1.0,5.0,1.0,0.0,1.0,0.0,1.0,0.0,4.0,7.0,0.0,2.0,0.0,1.0,3.0,1.0,3.0,3.0,1.0,6.0,0.0,2.0,3.0,1.0,0.0,3.0,0.0,3.0,0.0,4.0,0.0,0.0,0.0,4.0,2.0,0.0,3.0,0.0,0.0,0.0,5.0
24,1.0,8.0,2.0,1.0,0.0,1.0,0.0,2.0,2.0,0.0,0.0,0.0,1.0,0.0,1.0,0.0,2.0,4.0,2.0,2.0,1.0,2.0,0.0,0.0,4.0,2.0,0.0,5.0,0.0,2.0,3.0,0.0,2.0,3.0,0.0,3.0,0.0,2.0,1.0,0.0,1.0,2.0,4.0,0.0,3.0,0.0,0.0,1.0,5.0
25,0.0,0.0,3.0,0.0,0.0,0.0,0.0,4.0,2.0,5.0,1.0,0.0,1.0,0.0,1.0,0.0,3.0,5.0,3.0,2.0,0.0,1.0,0.0,2.0,3.0,2.0,0.0,1.0,0.0,0.0,2.0,0.0,3.0,4.0,1.0,1.0,0.0,1.0,0.0,0.0,1.0,0.0,2.0,0.0,3.0,0.0,0.0,0.0,5.0
26,0.0,3.0,2.0,0.0,0.0,0.0,0.0,3.0,1.0,6.0,4.0,0.0,3.0,0.0,1.0,2.0,1.0,4.0,0.0,5.0,0.0,4.0,2.0,1.0,1.0,0.0,0.0,5.0,0.0,0.0,5.0,0.0,2.0,6.0,0.0,2.0,0.0,2.0,0.0,0.0,2.0,2.0,2.0,0.0,2.0,0.0,0.0,0.0,5.0
27,0.0,1.0,1.0,0.0,0.0,0.0,0.0,2.0,2.0,5.0,1.0,0.0,0.0,0.0,1.0,1.0,3.0,7.0,3.0,4.0,0.0,1.0,2.0,3.0,4.0,2.0,1.0,1.0,1.0,0.0,1.0,0.0,0.0,5.0,0.0,1.0,0.0,2.0,0.0,0.0,0.0,0.0,1.0,0.0,2.0,0.0,0.0,0.0,5.0
28,2.0,1.0,3.0,0.0,0.0,0.0,0.0,3.0,3.0,0.0,0.0,1.0,0.0,0.0,2.0,0.0,4.0,1.0,0.0,3.0,0.0,3.0,1.0,1.0,0.0,0.0,0.0,3.0,0.0,0.0,4.0,0.0,1.0,1.0,0.0,2.0,0.0,3.0,0.0,0.0,2.0,2.0,1.0,0.0,2.0,0.0,0.0,0.0,5.0
29,2.0,0.0,2.0,0.0,0.0,0.0,0.0,3.0,2.0,3.0,1.0,2.0,1.0,0.0,2.0,0.0,2.0,4.0,5.0,1.0,1.0,1.0,0.0,3.0,4.0,2.0,0.0,2.0,0.0,0.0,2.0,0.0,2.0,6.0,1.0,2.0,1.0,2.0,0.0,0.0,0.0,0.0,2.0,0.0,3.0,0.0,0.0,0.0,5.0
30,1.0,1.0,1.0,0.0,0.0,0.0,0.0,2.0,2.0,4.0,2.0,2.0,0.0,0.0,2.0,1.0,3.0,9.0,2.0,2.0,0.0,2.0,1.0,3.0,1.0,1.0,1.0,2.0,1.0,0.0,3.0,0.0,0.0,6.0,0.0,1.0,0.0,2.0,0.0,0.0,0.0,0.0,1.0,0.0,2.0,0.0,0.0,0.0,5.0
31,0.0,1.0,1.0,0.0,0.0,0.0,0.0,2.0,1.0,4.0,2.0,1.0,1.0,0.0,2.0,1.0,4.0,10.0,1.0,2.0,0.0,2.0,1.0,2.0,1.0,1.0,1.0,2.0,1.0,0.0,3.0,0.0,0.0,4.0,1.0,2.0,1.0,3.0,0.0,0.0,0.0,1.0,1.0,0.0,2.0,0.0,0.0,0.0,5.0
32,0.0,0.0,0.0,0.0,0.0,0.0,0.0,1.0,0.0,4.0,1.0,1.0,0.0,0.0,2.0,1.0,2.0,8.0,3.0,1.0,0.0,1.0,1.0,4.0,2.0,5.0,2.0,2.0,2.0,0.0,2.0,0.0,0.0,5.0,0.0,1.0,0.0,2.0,0.0,0.0,0.0,0.0,0.0,0.0,1.0,0.0,0.0,0.0,5.0
33,1.0,2.0,1.0,0.0,0.0,0.0,0.0,2.0,1.0,4.0,1.0,0.0,1.0,0.0,1.0,0.0,1.0,3.0,1.0,2.0,0.0,2.0,0.0,2.0,4.0,1.0,0.0,1.0,0.0,0.0,2.0,0.0,1.0,2.0,5.0,0.0,2.0,1.0,0.0,3.0,0.0,0.0,1.0,0.0,2.0,0.0,0.0,0.0,5.0
34,0.0,0.0,1.0,0.0,0.0,0.0,0.0,2.0,1.0,4.0,1.0,1.0,0.0,0.0,2.0,1.0,4.0,9.0,0.0,3.0,0.0,2.0,2.0,1.0,1.0,3.0,1.0,2.0,2.0,0.0,3.0,0.0,0.0,4.0,0.0,1.0,0.0,2.0,0.0,0.0,0.0,1.0,0.0,0.0,1.0,0.0,0.0,0.0,5.0
35,0.0,0.0,1.0,0.0,0.0,0.0,0.0,2.0,0.0,5.0,0.0,1.0,0.0,0.0,2.0,0.0,1.0,4.0,4.0,3.0,0.0,2.0,0.0,3.0,2.0,6.0,0.0,1.0,1.0,0.0,2.0,0.0,1.0,6.0,1.0,0.0,1.0,1.0,0.0,0.0,0.0,0.0,0.0,0.0,1.0,0.0,0.0,0.0,5.0
36,0.0,2.0,2.0,0.0,0.0,0.0,0.0,3.0,1.0,8.0,2.0,1.0,1.0,0.0,1.0,0.0,2.0,7.0,2.0,2.0,1.0,2.0,1.0,2.0,3.0,1.0,0.0,3.0,0.0,0.0,3.0,0.0,0.0,4.0,0.0,2.0,0.0,3.0,0.0,0.0,1.0,1.0,1.0,0.0,2.0,0.0,0.0,0.0,5.0
37,1.0,3.0,2.0,0.0,0.0,0.0,0.0,3.0,2.0,3.0,0.0,1.0,0.0,0.0,2.0,0.0,6.0,0.0,2.0,4.0,1.0,1.0,1.0,0.0,2.0,2.0,0.0,2.0,1.0,1.0,3.0,0.0,3.0,4.0,1.0,1.0,0.0,1.0,0.0,0.0,2.0,1.0,1.0,0.0,2.0,0.0,0.0,0.0,5.0
38,0.0,0.0,3.0,0.0,0.0,0.0,0.0,4.0,2.0,6.0,2.0,0.0,2.0,0.0,1.0,1.0,5.0,0.0,4.0,1.0,2.0,1.0,0.0,1.0,6.0,0.0,1.0,3.0,0.0,0.0,2.0,0.0,2.0,4.0,1.0,2.0,0.0,2.0,0.0,0.0,1.0,1.0,1.0,0.0,2.0,0.0,0.0,0.0,5.0
39,5.0,3.0,1.0,1.0,0.0,0.0,0.0,1.0,1.0,0.0,1.0,1.0,1.0,0.0,2.0,0.0,4.0,1.0,0.0,4.0,0.0,3.0,1.0,0.0,2.0,0.0,0.0,1.0,0.0,0.0,2.0,0.0,2.0,5.0,0.0,1.0,0.0,1.0,1.0,1.0,2.0,1.0,1.0,0.0,2.0,0.0,0.0,0.0,5.0
40,3.0,6.0,2.0,1.0,0.0,0.0,1.0,2.0,2.0,7.0,1.0,1.0,1.0,0.0,1.0,0.0,2.0,6.0,1.0,4.0,0.0,4.0,1.0,2.0,2.0,4.0,1.0,3.0,0.0,0.0,3.0,1.0,2.0,6.0,0.0,1.0,0.0,2.0,0.0,0.0,0.0,3.0,2.0,0.0,3.0,0.0,0.0,0.0,5.0
41,2.0,2.0,2.0,1.0,0.0,0.0,1.0,3.0,0.0,5.0,0.0,1.0,0.0,0.0,2.0,0.0,2.0,5.0,1.0,4.0,0.0,4.0,0.0,0.0,1.0,6.0,0.0,2.0,1.0,0.0,3.0,0.0,1.0,5.0,2.0,2.0,0.0,2.0,0.0,1.0,1.0,1.0,2.0,0.0,3.0,0.0,0.0,0.0,5.0
42,0.0,1.0,0.0,0.0,0.0,0.0,0.0,1.0,1.0,6.0,1.0,0.0,0.0,0.0,1.0,1.0,2.0,4.0,6.0,4.0,0.0,1.0,0.0,3.0,2.0,6.0,1.0,1.0,2.0,0.0,2.0,0.0,1.0,4.0,1.0,1.0,1.0,2.0,0.0,0.0,0.0,1.0,0.0,0.0,1.0,0.0,0.0,0.0,5.0
43,3.0,1.0,2.0,1.0,0.0,0.0,1.0,2.0,2.0,1.0,0.0,0.0,0.0,0.0,1.0,0.0,3.0,4.0,1.0,0.0,0.0,1.0,1.0,3.0,4.0,1.0,2.0,3.0,1.0,0.0,2.0,0.0,1.0,2.0,2.0,3.0,1.0,3.0,0.0,0.0,1.0,0.0,1.0,0.0,2.0,0.0,0.0,0.0,5.0
44,2.0,4.0,1.0,1.0,0.0,0.0,1.0,2.0,1.0,8.0,3.0,0.0,2.0,0.0,1.0,1.0,1.0,8.0,2.0,5.0,1.0,4.0,2.0,2.0,1.0,4.0,0.0,3.0,0.0,0.0,3.0,0.0,1.0,3.0,0.0,3.0,0.0,3.0,0.0,0.0,1.0,4.0,3.0,0.0,3.0,0.0,0.0,0.0,5.0
45,0.0,1.0,0.0,0.0,0.0,0.0,0.0,1.0,1.0,5.0,1.0,0.0,0.0,0.0,1.0,1.0,1.0,7.0,4.0,1.0,0.0,1.0,0.0,4.0,2.0,6.0,2.0,0.0,3.0,0.0,1.0,0.0,1.0,6.0,1.0,0.0,1.0,1.0,0.0,0.0,0.0,0.0,0.0,0.0,0.0,0.0,0.0,0.0,5.0
46,0.0,0.0,1.0,0.0,0.0,0.0,0.0,2.0,1.0,5.0,1.0,2.0,0.0,0.0,3.0,1.0,0.0,8.0,3.0,1.0,0.0,2.0,0.0,4.0,3.0,3.0,2.0,1.0,2.0,0.0,1.0,0.0,1.0,4.0,1.0,1.0,1.0,2.0,0.0,0.0,0.0,1.0,0.0,0.0,1.0,0.0,0.0,0.0,5.0
47,0.0,1.0,1.0,0.0,0.0,0.0,0.0,2.0,1.0,9.0,2.0,1.0,1.0,0.0,2.0,1.0,2.0,2.0,3.0,3.0,0.0,2.0,0.0,2.0,2.0,0.0,1.0,1.0,1.0,0.0,2.0,0.0,2.0,3.0,2.0,1.0,2.0,2.0,0.0,0.0,0.0,0.0,0.0,0.0,0.0,0.0,0.0,0.0,5.0
48,3.0,4.0,2.0,1.0,0.0,0.0,1.0,2.0,1.0,3.0,0.0,2.0,0.0,0.0,3.0,0.0,1.0,2.0,0.0,3.0,0.0,3.0,0.0,1.0,3.0,5.0,1.0,3.0,0.0,0.0,3.0,0.0,1.0,7.0,2.0,1.0,1.0,2.0,0.0,1.0,0.0,3.0,1.0,0.0,2.0,0.0,0.0,0.0,5.0
49,1.0,4.0,2.0,0.0,0.0,0.0,0.0,3.0,2.0,4.0,1.0,0.0,1.0,0.0,1.0,0.0,4.0,3.0,2.0,3.0,1.0,2.0,0.0,0.0,5.0,1.0,2.0,3.0,0.0,0.0,2.0,1.0,1.0,2.0,1.0,1.0,0.0,2.0,0.0,1.0,1.0,2.0,2.0,0.0,3.0,0.0,0.0,0.0,5.0
50,0.0,1.0,1.0,0.0,0.0,0.0,0.0,2.0,2.0,7.0,1.0,0.0,0.0,0.0,1.0,1.0,3.0,5.0,4.0,3.0,0.0,1.0,0.0,3.0,2.0,0.0,0.0,0.0,1.0,0.0,1.0,0.0,1.0,4.0,1.0,1.0,1.0,2.0,0.0,0.0,0.0,0.0,0.0,0.0,1.0,0.0,0.0,0.0,5.0
51,1.0,5.0,0.0,0.0,0.0,0.0,0.0,1.0,2.0,5.0,1.0,0.0,0.0,0.0,1.0,1.0,3.0,12.0,4.0,1.0,1.0,1.0,0.0,2.0,1.0,3.0,0.0,3.0,2.0,1.0,3.0,0.0,1.0,0.0,0.0,0.0,0.0,1.0,0.0,1.0,5.0,1.0,3.0,0.0,3.0,0.0,0.0,0.0,5.0
52,0.0,1.0,0.0,0.0,0.0,0.0,0.0,1.0,2.0,6.0,1.0,0.0,0.0,0.0,1.0,1.0,3.0,0.0,3.0,0.0,0.0,0.0,0.0,3.0,3.0,7.0,0.0,1.0,1.0,0.0,2.0,0.0,0.0,3.0,1.0,1.0,1.0,2.0,0.0,0.0,0.0,1.0,0.0,0.0,1.0,0.0,0.0,0.0,5.0
53,1.0,4.0,2.0,0.0,0.0,0.0,0.0,3.0,1.0,2.0,0.0,2.0,0.0,0.0,3.0,0.0,3.0,4.0,1.0,1.0,1.0,2.0,0.0,0.0,4.0,2.0,2.0,3.0,0.0,0.0,2.0,1.0,2.0,4.0,0.0,1.0,0.0,2.0,0.0,0.0,1.0,3.0,2.0,0.0,3.0,0.0,0.0,0.0,5.0
54,1.0,5.0,0.0,0.0,0.0,0.0,0.0,1.0,3.0,4.0,3.0,0.0,2.0,0.0,1.0,1.0,6.0,3.0,2.0,1.0,0.0,1.0,0.0,1.0,3.0,4.0,2.0,4.0,1.0,0.0,3.0,1.0,1.0,8.0,0.0,3.0,0.0,3.0,0.0,0.0,0.0,2.0,3.0,0.0,4.0,0.0,0.0,0.0,5.0
55,1.0,1.0,2.0,0.0,0.0,0.0,0.0,3.0,2.0,5.0,2.0,1.0,1.0,0.0,2.0,1.0,2.0,3.0,2.0,5.0,0.0,3.0,1.0,1.0,1.0,1.0,0.0,2.0,0.0,0.0,3.0,0.0,1.0,7.0,3.0,0.0,1.0,1.0,0.0,2.0,0.0,1.0,2.0,0.0,3.0,0.0,0.0,0.0,5.0
56,0.0,1.0,2.0,0.0,0.0,0.0,0.0,3.0,1.0,7.0,2.0,1.0,1.0,0.0,2.0,1.0,2.0,8.0,2.0,0.0,0.0,1.0,0.0,3.0,2.0,0.0,4.0,2.0,3.0,0.0,1.0,0.0,1.0,4.0,2.0,1.0,2.0,2.0,0.0,0.0,0.0,0.0,0.0,0.0,1.0,0.0,0.0,0.0,5.0
57,1.0,1.0,2.0,0.0,0.0,0.0,0.0,3.0,1.0,5.0,2.0,1.0,2.0,0.0,2.0,0.0,5.0,3.0,0.0,1.0,0.0,1.0,1.0,1.0,4.0,1.0,0.0,1.0,0.0,0.0,2.0,0.0,2.0,3.0,0.0,1.0,0.0,2.0,0.0,0.0,1.0,1.0,1.0,0.0,2.0,0.0,0.0,0.0,5.0
58,0.0,0.0,1.0,0.0,0.0,0.0,0.0,2.0,1.0,7.0,3.0,0.0,2.0,0.0,1.0,1.0,1.0,1.0,2.0,3.0,0.0,3.0,0.0,2.0,5.0,0.0,0.0,1.0,0.0,0.0,1.0,0.0,2.0,6.0,3.0,1.0,1.0,1.0,1.0,2.0,1.0,0.0,0.0,0.0,1.0,0.0,0.0,0.0,5.0
59,1.0,1.0,2.0,0.0,0.0,0.0,0.0,3.0,2.0,6.0,2.0,0.0,2.0,0.0,1.0,1.0,2.0,6.0,4.0,0.0,2.0,1.0,1.0,4.0,5.0,0.0,1.0,3.0,0.0,0.0,2.0,0.0,0.0,4.0,1.0,3.0,1.0,4.0,0.0,0.0,0.0,0.0,2.0,0.0,3.0,0.0,0.0,0.0,5.0
60,1.0,2.0,2.0,0.0,0.0,0.0,0.0,3.0,1.0,5.0,1.0,0.0,2.0,0.0,1.0,0.0,6.0,0.0,5.0,2.0,1.0,0.0,0.0,1.0,3.0,1.0,4.0,4.0,1.0,0.0,3.0,1.0,2.0,4.0,0.0,0.0,0.0,1.0,0.0,1.0,0.0,0.0,4.0,0.0,4.0,0.0,0.0,0.0,5.0
61,1.0,1.0,2.0,0.0,0.0,0.0,0.0,3.0,2.0,7.0,2.0,1.0,3.0,1.0,1.0,0.0,3.0,4.0,1.0,0.0,1.0,1.0,0.0,0.0,6.0,0.0,2.0,2.0,1.0,0.0,1.0,0.0,2.0,7.0,0.0,1.0,0.0,2.0,0.0,0.0,0.0,1.0,2.0,0.0,3.0,0.0,0.0,0.0,5.0
62,1.0,2.0,2.0,0.0,0.0,0.0,0.0,3.0,2.0,11.0,1.0,0.0,1.0,0.0,1.0,0.0,2.0,6.0,2.0,1.0,1.0,2.0,1.0,2.0,4.0,2.0,1.0,4.0,0.0,0.0,3.0,1.0,2.0,6.0,1.0,2.0,0.0,2.0,0.0,0.0,0.0,1.0,3.0,0.0,4.0,0.0,0.0,0.0,5.0
63,1.0,5.0,1.0,0.0,0.0,0.0,0.0,2.0,1.0,6.0,1.0,2.0,0.0,0.0,2.0,0.0,5.0,6.0,3.0,1.0,2.0,1.0,0.0,1.0,4.0,3.0,1.0,4.0,1.0,1.0,4.0,1.0,1.0,9.0,0.0,3.0,0.0,3.0,1.0,1.0,1.0,1.0,4.0,0.0,4.0,0.0,0.0,0.0,5.0
64,3.0,3.0,2.0,2.0,0.0,0.0,1.0,2.0,0.0,0.0,0.0,2.0,0.0,0.0,3.0,0.0,1.0,3.0,1.0,4.0,0.0,4.0,0.0,0.0,3.0,1.0,1.0,2.0,1.0,0.0,2.0,0.0,1.0,4.0,1.0,1.0,0.0,2.0,0.0,1.0,1.0,1.0,2.0,0.0,3.0,0.0,0.0,0.0,5.0
65,1.0,0.0,2.0,0.0,0.0,0.0,0.0,3.0,2.0,11.0,1.0,0.0,1.0,0.0,1.0,0.0,3.0,5.0,4.0,1.0,1.0,0.0,1.0,4.0,4.0,1.0,1.0,3.0,0.0,0.0,2.0,0.0,1.0,7.0,1.0,3.0,0.0,3.0,0.0,0.0,0.0,1.0,2.0,0.0,3.0,0.0,0.0,0.0,5.0
66,0.0,0.0,3.0,0.0,0.0,0.0,0.0,4.0,2.0,11.0,1.0,0.0,1.0,0.0,1.0,0.0,2.0,4.0,5.0,2.0,1.0,1.0,1.0,4.0,2.0,2.0,2.0,3.0,1.0,0.0,3.0,0.0,0.0,5.0,0.0,2.0,0.0,3.0,0.0,0.0,0.0,0.0,2.0,0.0,3.0,0.0,0.0,0.0,5.0
67,1.0,3.0,3.0,0.0,0.0,0.0,0.0,3.0,2.0,10.0,0.0,0.0,1.0,0.0,1.0,0.0,3.0,6.0,3.0,3.0,0.0,2.0,0.0,3.0,5.0,1.0,0.0,3.0,0.0,0.0,3.0,0.0,1.0,7.0,0.0,3.0,0.0,3.0,0.0,0.0,0.0,1.0,2.0,0.0,3.0,0.0,0.0,0.0,5.0
68,1.0,0.0,2.0,0.0,0.0,0.0,0.0,3.0,2.0,9.0,3.0,0.0,2.0,0.0,1.0,1.0,2.0,5.0,3.0,2.0,0.0,2.0,1.0,3.0,1.0,0.0,1.0,3.0,1.0,0.0,4.0,0.0,1.0,5.0,2.0,3.0,1.0,3.0,0.0,0.0,0.0,0.0,2.0,0.0,3.0,0.0,0.0,0.0,5.0
69,0.0,0.0,1.0,0.0,0.0,0.0,0.0,2.0,1.0,6.0,3.0,0.0,2.0,0.0,1.0,1.0,2.0,7.0,4.0,0.0,1.0,1.0,0.0,4.0,3.0,1.0,2.0,3.0,1.0,0.0,2.0,0.0,1.0,14.0,1.0,0.0,1.0,2.0,0.0,1.0,0.0,10.0,0.0,0.0,2.0,0.0,1.0,0.0,5.0
70,0.0,1.0,0.0,0.0,0.0,0.0,1.0,1.0,0.0,0.0,0.0,0.0,0.0,0.0,0.0,0.0,2.0,6.0,5.0,0.0,2.0,1.0,0.0,3.0,7.0,6.0,2.0,2.0,1.0,0.0,0.0,0.0,0.0,4.0,2.0,0.0,0.0,1.0,0.0,3.0,0.0,0.0,2.0,0.0,3.0,0.0,0.0,0.0,5.0
71,0.0,1.0,2.0,0.0,0.0,0.0,0.0,3.0,2.0,9.0,3.0,0.0,2.0,0.0,1.0,1.0,3.0,4.0,2.0,1.0,1.0,2.0,1.0,3.0,3.0,1.0,1.0,2.0,1.0,0.0,2.0,0.0,1.0,4.0,1.0,2.0,1.0,3.0,0.0,0.0,1.0,1.0,2.0,1.0,3.0,1.0,0.0,0.0,5.0
72,1.0,0.0,2.0,0.0,0.0,0.0,0.0,3.0,2.0,5.0,3.0,0.0,2.0,0.0,1.0,1.0,3.0,4.0,2.0,0.0,1.0,1.0,1.0,3.0,3.0,0.0,1.0,2.0,1.0,0.0,2.0,0.0,2.0,5.0,2.0,2.0,1.0,2.0,0.0,0.0,1.0,0.0,1.0,0.0,2.0,0.0,0.0,0.0,5.0
73,1.0,1.0,2.0,0.0,0.0,0.0,0.0,3.0,1.0,5.0,3.0,2.0,3.0,1.0,2.0,0.0,3.0,6.0,1.0,0.0,0.0,1.0,1.0,2.0,3.0,0.0,2.0,4.0,1.0,0.0,3.0,0.0,0.0,4.0,0.0,3.0,0.0,4.0,0.0,0.0,0.0,1.0,2.0,0.0,3.0,0.0,0.0,0.0,5.0
74,2.0,2.0,1.0,0.0,0.0,0.0,0.0,2.0,1.0,4.0,2.0,0.0,3.0,0.0,1.0,0.0,1.0,0.0,0.0,2.0,0.0,3.0,0.0,1.0,3.0,0.0,0.0,3.0,0.0,0.0,3.0,0.0,3.0,3.0,2.0,0.0,2.0,1.0,0.0,0.0,0.0,1.0,1.0,0.0,2.0,0.0,0.0,0.0,5.0
75,1.0,1.0,3.0,0.0,0.0,0.0,0.0,3.0,3.0,4.0,0.0,1.0,0.0,0.0,1.0,0.0,4.0,1.0,6.0,3.0,1.0,1.0,0.0,2.0,5.0,1.0,2.0,3.0,1.0,0.0,2.0,1.0,3.0,8.0,2.0,1.0,0.0,1.0,0.0,2.0,0.0,1.0,2.0,0.0,3.0,0.0,0.0,0.0,5.0
76,0.0,0.0,3.0,0.0,0.0,0.0,0.0,4.0,1.0,6.0,4.0,2.0,3.0,1.0,2.0,1.0,2.0,6.0,4.0,0.0,2.0,1.0,1.0,4.0,4.0,0.0,2.0,4.0,1.0,0.0,3.0,0.0,1.0,7.0,0.0,1.0,0.0,2.0,0.0,0.0,0.0,1.0,1.0,0.0,2.0,0.0,0.0,0.0,5.0
77,1.0,0.0,2.0,0.0,0.0,0.0,0.0,3.0,1.0,7.0,3.0,2.0,3.0,1.0,2.0,0.0,2.0,6.0,3.0,0.0,1.0,1.0,1.0,4.0,4.0,2.0,0.0,1.0,0.0,0.0,2.0,0.0,1.0,6.0,2.0,3.0,1.0,3.0,0.0,0.0,0.0,0.0,2.0,0.0,3.0,0.0,0.0,0.0,5.0
78,0.0,1.0,0.0,0.0,0.0,0.0,0.0,1.0,0.0,0.0,0.0,0.0,0.0,0.0,1.0,1.0,3.0,1.0,5.0,2.0,0.0,0.0,0.0,3.0,3.0,5.0,2.0,1.0,2.0,0.0,1.0,0.0,0.0,4.0,1.0,1.0,1.0,2.0,0.0,0.0,0.0,0.0,0.0,0.0,1.0,0.0,0.0,0.0,5.0
79,2.0,5.0,3.0,0.0,0.0,0.0,0.0,3.0,1.0,6.0,1.0,1.0,2.0,0.0,2.0,0.0,1.0,7.0,0.0,6.0,0.0,5.0,2.0,1.0,0.0,3.0,0.0,6.0,0.0,1.0,5.0,0.0,0.0,3.0,0.0,3.0,0.0,4.0,0.0,0.0,2.0,5.0,2.0,1.0,2.0,0.0,0.0,0.0,5.0
80,0.0,0.0,1.0,0.0,0.0,0.0,0.0,2.0,1.0,7.0,0.0,0.0,0.0,0.0,1.0,0.0,3.0,1.0,3.0,0.0,0.0,0.0,0.0,3.0,2.0,8.0,2.0,0.0,3.0,0.0,1.0,0.0,0.0,6.0,0.0,0.0,0.0,1.0,0.0,0.0,0.0,0.0,0.0,0.0,0.0,0.0,0.0,0.0,5.0
81,0.0,1.0,2.0,0.0,0.0,0.0,0.0,3.0,2.0,10.0,1.0,1.0,2.0,1.0,1.0,0.0,0.0,1.0,2.0,6.0,1.0,5.0,1.0,1.0,1.0,0.0,0.0,2.0,0.0,0.0,3.0,0.0,2.0,6.0,1.0,1.0,0.0,1.0,0.0,1.0,1.0,1.0,1.0,0.0,2.0,0.0,0.0,0.0,5.0
82,0.0,0.0,1.0,0.0,0.0,0.0,0.0,2.0,0.0,5.0,1.0,1.0,0.0,0.0,2.0,1.0,2.0,3.0,6.0,2.0,0.0,0.0,0.0,4.0,3.0,4.0,3.0,0.0,3.0,0.0,0.0,0.0,1.0,6.0,0.0,0.0,0.0,1.0,0.0,0.0,0.0,0.0,0.0,0.0,1.0,0.0,0.0,0.0,5.0
83,2.0,3.0,3.0,0.0,0.0,0.0,0.0,3.0,2.0,1.0,1.0,0.0,2.0,0.0,1.0,0.0,5.0,0.0,2.0,0.0,0.0,0.0,0.0,1.0,5.0,4.0,0.0,1.0,0.0,0.0,1.0,0.0,1.0,2.0,0.0,2.0,0.0,3.0,0.0,0.0,1.0,2.0,2.0,0.0,3.0,0.0,0.0,0.0,5.0
84,0.0,1.0,1.0,0.0,0.0,0.0,0.0,2.0,1.0,7.0,1.0,0.0,0.0,0.0,1.0,1.0,2.0,2.0,6.0,2.0,0.0,0.0,0.0,4.0,1.0,6.0,3.0,2.0,3.0,0.0,2.0,0.0,1.0,6.0,0.0,0.0,0.0,1.0,0.0,0.0,0.0,0.0,0.0,0.0,1.0,0.0,0.0,0.0,5.0
85,2.0,10.0,2.0,0.0,0.0,0.0,0.0,2.0,2.0,6.0,0.0,0.0,1.0,0.0,1.0,0.0,2.0,14.0,0.0,2.0,0.0,2.0,1.0,1.0,2.0,3.0,0.0,6.0,0.0,1.0,5.0,0.0,1.0,5.0,0.0,3.0,0.0,3.0,0.0,0.0,1.0,5.0,3.0,0.0,3.0,0.0,0.0,0.0,5.0
86,0.0,2.0,0.0,0.0,0.0,0.0,0.0,1.0,0.0,6.0,0.0,0.0,0.0,0.0,1.0,1.0,1.0,5.0,6.0,4.0,0.0,1.0,0.0,4.0,3.0,6.0,1.0,0.0,2.0,0.0,1.0,0.0,0.0,4.0,1.0,1.0,1.0,2.0,0.0,0.0,0.0,0.0,0.0,0.0,0.0,0.0,0.0,0.0,5.0
87,4.0,2.0,0.0,1.0,0.0,0.0,1.0,1.0,2.0,8.0,2.0,0.0,2.0,0.0,1.0,1.0,3.0,3.0,0.0,1.0,0.0,2.0,1.0,1.0,2.0,1.0,1.0,4.0,1.0,0.0,4.0,0.0,1.0,6.0,0.0,1.0,0.0,2.0,0.0,0.0,0.0,1.0,2.0,0.0,3.0,0.0,0.0,0.0,5.0
88,1.0,3.0,2.0,0.0,0.0,0.0,0.0,3.0,1.0,13.0,0.0,1.0,1.0,0.0,2.0,0.0,3.0,6.0,0.0,4.0,0.0,4.0,1.0,1.0,1.0,1.0,0.0,4.0,0.0,0.0,4.0,0.0,2.0,7.0,0.0,2.0,0.0,2.0,0.0,0.0,1.0,2.0,2.0,0.0,3.0,0.0,0.0,0.0,5.0
89,1.0,0.0,1.0,0.0,0.0,0.0,0.0,2.0,2.0,6.0,2.0,0.0,1.0,0.0,1.0,1.0,6.0,2.0,1.0,1.0,0.0,1.0,1.0,2.0,3.0,0.0,0.0,1.0,0.0,0.0,2.0,0.0,2.0,4.0,3.0,2.0,2.0,2.0,0.0,0.0,0.0,0.0,1.0,0.0,2.0,0.0,0.0,0.0,5.0
90,2.0,3.0,2.0,1.0,0.0,1.0,0.0,2.0,2.0,1.0,0.0,1.0,1.0,0.0,2.0,0.0,5.0,4.0,1.0,1.0,1.0,1.0,0.0,0.0,2.0,4.0,1.0,4.0,0.0,1.0,3.0,1.0,1.0,5.0,0.0,3.0,0.0,3.0,0.0,0.0,0.0,2.0,2.0,0.0,3.0,0.0,0.0,0.0,5.0
91,1.0,0.0,0.0,0.0,0.0,0.0,0.0,1.0,1.0,7.0,0.0,0.0,0.0,0.0,1.0,0.0,2.0,3.0,6.0,2.0,0.0,0.0,0.0,4.0,3.0,8.0,1.0,0.0,2.0,0.0,1.0,0.0,1.0,5.0,1.0,0.0,1.0,1.0,0.0,0.0,0.0,0.0,0.0,0.0,1.0,0.0,0.0,0.0,5.0
92,2.0,5.0,2.0,0.0,0.0,0.0,0.0,2.0,2.0,2.0,0.0,0.0,1.0,0.0,1.0,0.0,5.0,5.0,0.0,3.0,0.0,3.0,0.0,0.0,2.0,2.0,0.0,4.0,0.0,1.0,3.0,0.0,0.0,0.0,0.0,0.0,0.0,0.0,0.0,0.0,4.0,2.0,2.0,0.0,2.0,1.0,0.0,1.0,5.0
93,2.0,2.0,1.0,0.0,0.0,0.0,0.0,2.0,1.0,2.0,0.0,2.0,0.0,0.0,3.0,0.0,1.0,2.0,1.0,2.0,0.0,3.0,1.0,2.0,4.0,2.0,1.0,1.0,1.0,0.0,1.0,0.0,3.0,7.0,3.0,1.0,1.0,1.0,0.0,1.0,1.0,0.0,2.0,0.0,3.0,0.0,0.0,0.0,5.0
94,0.0,0.0,1.0,0.0,0.0,0.0,0.0,2.0,2.0,5.0,3.0,0.0,1.0,0.0,1.0,2.0,1.0,9.0,4.0,0.0,1.0,1.0,1.0,5.0,3.0,1.0,2.0,3.0,1.0,0.0,2.0,0.0,1.0,5.0,1.0,1.0,1.0,2.0,0.0,0.0,0.0,0.0,1.0,0.0,2.0,0.0,0.0,0.0,5.0
95,0.0,1.0,2.0,0.0,0.0,0.0,0.0,3.0,1.0,4.0,2.0,2.0,1.0,0.0,2.0,0.0,5.0,3.0,2.0,1.0,1.0,1.0,0.0,1.0,4.0,2.0,0.0,0.0,0.0,0.0,1.0,0.0,0.0,8.0,3.0,3.0,1.0,3.0,0.0,1.0,1.0,1.0,1.0,0.0,2.0,0.0,0.0,0.0,5.0
96,1.0,0.0,1.0,0.0,0.0,0.0,0.0,2.0,1.0,8.0,3.0,0.0,2.0,0.0,1.0,1.0,3.0,3.0,5.0,1.0,2.0,1.0,2.0,5.0,4.0,0.0,1.0,1.0,1.0,0.0,1.0,0.0,1.0,6.0,0.0,1.0,0.0,2.0,0.0,0.0,0.0,0.0,0.0,0.0,1.0,0.0,0.0,0.0,5.0
97,1.0,0.0,2.0,0.0,0.0,0.0,0.0,3.0,2.0,9.0,3.0,0.0,2.0,0.0,1.0,1.0,3.0,3.0,7.0,6.0,0.0,1.0,0.0,2.0,3.0,1.0,1.0,3.0,0.0,0.0,3.0,0.0,0.0,4.0,1.0,2.0,1.0,3.0,0.0,0.0,0.0,2.0,1.0,0.0,2.0,0.0,0.0,0.0,5.0
98,0.0,0.0,1.0,0.0,0.0,0.0,0.0,2.0,1.0,6.0,2.0,0.0,1.0,0.0,1.0,1.0,3.0,1.0,5.0,2.0,0.0,0.0,0.0,3.0,4.0,2.0,2.0,2.0,1.0,0.0,1.0,0.0,0.0,3.0,1.0,1.0,1.0,2.0,0.0,0.0,0.0,1.0,0.0,0.0,1.0,0.0,0.0,0.0,5.0
99,3.0,1.0,2.0,1.0,0.0,0.0,1.0,2.0,2.0,4.0,0.0,1.0,0.0,0.0,1.0,0.0,7.0,0.0,3.0,2.0,1.0,0.0,2.0,2.0,5.0,1.0,0.0,3.0,0.0,0.0,3.0,0.0,1.0,8.0,1.0,3.0,0.0,2.0,0.0,0.0,0.0,1.0,2.0,0.0,3.0,0.0,0.0,0.0,5.0
100,0.0,0.0,3.0,0.0,0.0,0.0,0.0,4.0,2.0,7.0,2.0,1.0,1.0,0.0,2.0,1.0,3.0,7.0,1.0,1.0,0.0,1.0,1.0,2.0,3.0,1.0,0.0,2.0,0.0,0.0,3.0,0.0,1.0,5.0,0.0,1.0,0.0,2.0,0.0,0.0,0.0,1.0,1.0,0.0,2.0,0.0,0.0,0.0,5.0
101,0.0,0.0,1.0,0.0,0.0,0.0,0.0,2.0,2.0,10.0,4.0,0.0,2.0,0.0,1.0,2.0,3.0,2.0,4.0,1.0,0.0,0.0,0.0,3.0,5.0,0.0,1.0,0.0,1.0,0.0,0.0,0.0,0.0,4.0,1.0,1.0,1.0,2.0,0.0,0.0,0.0,0.0,0.0,0.0,1.0,0.0,0.0,0.0,5.0
102,1.0,0.0,1.0,0.0,0.0,0.0,0.0,2.0,1.0,11.0,1.0,0.0,1.0,0.0,1.0,0.0,3.0,6.0,5.0,2.0,1.0,0.0,1.0,4.0,4.0,0.0,3.0,2.0,2.0,0.0,1.0,0.0,0.0,4.0,1.0,1.0,1.0,2.0,0.0,0.0,0.0,0.0,0.0,0.0,1.0,0.0,0.0,0.0,5.0
103,2.0,4.0,4.0,0.0,1.0,0.0,0.0,3.0,2.0,12.0,0.0,0.0,1.0,0.0,1.0,0.0,2.0,7.0,4.0,0.0,1.0,1.0,1.0,4.0,3.0,3.0,2.0,5.0,1.0,1.0,3.0,1.0,1.0,9.0,0.0,3.0,0.0,3.0,0.0,0.0,0.0,3.0,4.0,0.0,4.0,0.0,0.0,0.0,5.0
104,2.0,5.0,1.0,0.0,0.0,0.0,0.0,2.0,1.0,3.0,3.0,3.0,1.0,0.0,3.0,1.0,4.0,4.0,1.0,2.0,1.0,2.0,1.0,1.0,1.0,2.0,0.0,6.0,0.0,1.0,5.0,0.0,2.0,5.0,0.0,1.0,0.0,2.0,0.0,0.0,1.0,3.0,2.0,0.0,3.0,0.0,0.0,0.0,5.0
105,1.0,3.0,3.0,0.0,0.0,0.0,0.0,3.0,2.0,6.0,0.0,0.0,1.0,0.0,1.0,0.0,5.0,2.0,2.0,3.0,1.0,3.0,0.0,0.0,5.0,0.0,0.0,4.0,0.0,0.0,3.0,0.0,2.0,3.0,1.0,3.0,0.0,2.0,1.0,1.0,1.0,1.0,3.0,0.0,3.0,0.0,0.0,0.0,5.0
106,2.0,1.0,1.0,1.0,0.0,1.0,0.0,2.0,1.0,3.0,0.0,3.0,1.0,1.0,4.0,0.0,0.0,2.0,0.0,1.0,0.0,2.0,1.0,1.0,3.0,1.0,1.0,6.0,0.0,2.0,3.0,1.0,1.0,7.0,1.0,1.0,1.0,2.0,0.0,0.0,0.0,3.0,1.0,0.0,2.0,0.0,0.0,0.0,5.0
107,0.0,3.0,2.0,0.0,0.0,0.0,0.0,3.0,0.0,5.0,1.0,1.0,0.0,0.0,2.0,1.0,2.0,5.0,1.0,5.0,0.0,4.0,1.0,1.0,3.0,4.0,2.0,1.0,2.0,0.0,1.0,0.0,1.0,4.0,0.0,2.0,0.0,3.0,0.0,0.0,1.0,1.0,2.0,0.0,3.0,0.0,0.0,0.0,5.0
108,1.0,0.0,2.0,0.0,0.0,0.0,0.0,3.0,1.0,6.0,1.0,1.0,1.0,0.0,2.0,0.0,4.0,0.0,3.0,2.0,0.0,0.0,0.0,2.0,2.0,6.0,2.0,2.0,2.0,0.0,2.0,0.0,0.0,3.0,0.0,3.0,0.0,4.0,0.0,0.0,1.0,0.0,1.0,0.0,2.0,0.0,0.0,0.0,5.0
109,0.0,1.0,2.0,0.0,0.0,0.0,0.0,3.0,2.0,5.0,1.0,1.0,0.0,0.0,2.0,1.0,2.0,1.0,2.0,2.0,0.0,2.0,0.0,2.0,1.0,6.0,1.0,2.0,2.0,0.0,3.0,0.0,0.0,3.0,0.0,3.0,0.0,4.0,0.0,0.0,2.0,0.0,1.0,0.0,2.0,0.0,0.0,0.0,5.0
110,1.0,6.0,1.0,0.0,0.0,0.0,0.0,2.0,1.0,0.0,0.0,1.0,0.0,0.0,2.0,0.0,3.0,7.0,1.0,0.0,1.0,1.0,1.0,1.0,5.0,5.0,2.0,3.0,0.0,0.0,2.0,2.0,0.0,4.0,0.0,2.0,0.0,3.0,0.0,0.0,0.0,3.0,2.0,0.0,3.0,0.0,0.0,0.0,5.0
111,5.0,3.0,1.0,0.0,0.0,0.0,0.0,1.0,2.0,6.0,0.0,0.0,1.0,0.0,1.0,0.0,4.0,3.0,4.0,2.0,1.0,0.0,1.0,2.0,4.0,1.0,1.0,3.0,0.0,0.0,3.0,0.0,0.0,3.0,0.0,2.0,0.0,3.0,0.0,0.0,0.0,0.0,2.0,0.0,3.0,0.0,0.0,0.0,5.0
112,0.0,1.0,1.0,0.0,0.0,0.0,0.0,2.0,1.0,6.0,0.0,0.0,0.0,0.0,1.0,0.0,4.0,3.0,1.0,1.0,0.0,1.0,0.0,1.0,3.0,3.0,3.0,2.0,3.0,1.0,1.0,0.0,0.0,4.0,1.0,2.0,1.0,3.0,0.0,0.0,0.0,0.0,0.0,0.0,0.0,0.0,0.0,0.0,5.0
113,0.0,1.0,1.0,0.0,0.0,0.0,0.0,2.0,1.0,6.0,0.0,0.0,0.0,0.0,1.0,0.0,4.0,3.0,2.0,3.0,0.0,1.0,1.0,2.0,4.0,5.0,1.0,1.0,1.0,0.0,1.0,0.0,0.0,4.0,1.0,2.0,1.0,3.0,0.0,0.0,0.0,0.0,0.0,0.0,1.0,0.0,0.0,0.0,5.0
114,2.0,2.0,1.0,1.0,0.0,0.0,1.0,2.0,1.0,6.0,0.0,1.0,0.0,0.0,2.0,0.0,2.0,1.0,0.0,6.0,0.0,4.0,2.0,0.0,0.0,0.0,0.0,3.0,0.0,0.0,4.0,0.0,1.0,12.0,0.0,0.0,0.0,1.0,0.0,1.0,1.0,1.0,3.0,0.0,3.0,0.0,0.0,0.0,5.0
115,1.0,1.0,2.0,0.0,0.0,0.0,0.0,3.0,2.0,3.0,0.0,1.0,0.0,0.0,2.0,0.0,6.0,3.0,1.0,2.0,0.0,1.0,0.0,0.0,2.0,4.0,2.0,2.0,2.0,1.0,2.0,0.0,2.0,7.0,1.0,2.0,0.0,2.0,0.0,0.0,1.0,0.0,2.0,0.0,3.0,0.0,0.0,0.0,5.0
116,0.0,1.0,1.0,0.0,0.0,0.0,0.0,2.0,0.0,6.0,0.0,0.0,0.0,0.0,1.0,1.0,1.0,4.0,4.0,4.0,0.0,2.0,0.0,3.0,3.0,6.0,2.0,1.0,2.0,0.0,1.0,0.0,0.0,4.0,0.0,2.0,0.0,3.0,0.0,0.0,1.0,0.0,0.0,0.0,1.0,0.0,0.0,0.0,5.0
117,0.0,2.0,1.0,0.0,0.0,0.0,0.0,2.0,1.0,7.0,0.0,0.0,0.0,0.0,1.0,0.0,5.0,2.0,0.0,5.0,0.0,3.0,3.0,1.0,3.0,7.0,0.0,1.0,1.0,0.0,2.0,0.0,1.0,4.0,0.0,2.0,0.0,3.0,0.0,0.0,2.0,0.0,1.0,0.0,2.0,0.0,0.0,0.0,5.0
118,3.0,3.0,0.0,1.0,0.0,1.0,0.0,1.0,2.0,6.0,1.0,1.0,1.0,0.0,2.0,0.0,2.0,6.0,1.0,1.0,0.0,2.0,1.0,2.0,2.0,2.0,1.0,3.0,0.0,0.0,3.0,0.0,1.0,5.0,1.0,2.0,1.0,3.0,0.0,0.0,0.0,1.0,2.0,0.0,3.0,0.0,0.0,0.0,5.0
119,0.0,0.0,0.0,0.0,0.0,0.0,0.0,0.0,2.0,4.0,2.0,0.0,0.0,0.0,1.0,2.0,2.0,2.0,6.0,2.0,0.0,0.0,0.0,4.0,3.0,2.0,3.0,0.0,3.0,0.0,0.0,0.0,0.0,2.0,2.0,2.0,2.0,3.0,0.0,0.0,0.0,0.0,0.0,0.0,1.0,0.0,0.0,0.0,5.0
120,2.0,2.0,1.0,0.0,0.0,0.0,0.0,2.0,0.0,2.0,0.0,2.0,0.0,0.0,3.0,0.0,4.0,2.0,5.0,2.0,2.0,1.0,0.0,2.0,1.0,6.0,0.0,0.0,1.0,0.0,1.0,0.0,1.0,2.0,1.0,1.0,0.0,2.0,0.0,1.0,1.0,0.0,2.0,0.0,3.0,0.0,0.0,0.0,5.0
121,0.0,3.0,4.0,0.0,0.0,0.0,0.0,4.0,2.0,8.0,0.0,0.0,1.0,0.0,1.0,0.0,4.0,5.0,0.0,2.0,0.0,2.0,0.0,0.0,1.0,2.0,0.0,4.0,0.0,1.0,3.0,0.0,1.0,7.0,0.0,3.0,0.0,3.0,0.0,0.0,1.0,4.0,3.0,0.0,3.0,0.0,0.0,0.0,5.0
122,2.0,4.0,1.0,0.0,0.0,0.0,0.0,2.0,2.0,2.0,0.0,1.0,0.0,0.0,2.0,0.0,2.0,4.0,1.0,1.0,1.0,2.0,0.0,0.0,6.0,0.0,0.0,4.0,0.0,1.0,2.0,0.0,2.0,5.0,0.0,2.0,0.0,2.0,0.0,0.0,0.0,3.0,4.0,0.0,4.0,0.0,0.0,0.0,5.0
123,1.0,5.0,1.0,0.0,0.0,0.0,0.0,2.0,1.0,8.0,1.0,0.0,1.0,0.0,1.0,0.0,4.0,6.0,3.0,3.0,2.0,3.0,0.0,0.0,3.0,4.0,0.0,3.0,1.0,0.0,3.0,0.0,2.0,9.0,1.0,0.0,0.0,1.0,0.0,2.0,2.0,1.0,2.0,0.0,3.0,0.0,0.0,0.0,5.0
124,2.0,3.0,0.0,0.0,0.0,0.0,1.0,2.0,1.0,7.0,0.0,0.0,0.0,0.0,1.0,0.0,4.0,3.0,2.0,4.0,0.0,2.0,0.0,0.0,2.0,6.0,2.0,2.0,2.0,0.0,2.0,0.0,2.0,2.0,2.0,0.0,1.0,1.0,0.0,2.0,2.0,1.0,3.0,0.0,3.0,0.0,0.0,0.0,5.0
125,1.0,5.0,1.0,0.0,0.0,0.0,0.0,2.0,1.0,6.0,1.0,0.0,1.0,0.0,1.0,0.0,1.0,2.0,0.0,4.0,0.0,5.0,1.0,1.0,1.0,2.0,0.0,3.0,1.0,0.0,4.0,0.0,2.0,2.0,1.0,4.0,0.0,3.0,1.0,1.0,1.0,1.0,2.0,0.0,3.0,0.0,0.0,0.0,5.0
126,0.0,1.0,2.0,0.0,0.0,0.0,0.0,3.0,1.0,7.0,0.0,0.0,0.0,0.0,1.0,0.0,2.0,3.0,4.0,4.0,0.0,2.0,1.0,3.0,2.0,6.0,0.0,2.0,1.0,0.0,3.0,0.0,1.0,4.0,1.0,1.0,1.0,2.0,0.0,0.0,0.0,0.0,1.0,0.0,2.0,0.0,0.0,0.0,5.0
127,3.0,7.0,2.0,1.0,0.0,0.0,1.0,2.0,3.0,3.0,0.0,1.0,0.0,0.0,1.0,0.0,2.0,5.0,4.0,2.0,2.0,2.0,1.0,2.0,3.0,1.0,0.0,7.0,0.0,2.0,4.0,0.0,1.0,4.0,0.0,2.0,0.0,3.0,0.0,0.0,1.0,4.0,2.0,0.0,3.0,0.0,0.0,0.0,5.0
128,0.0,1.0,1.0,0.0,0.0,0.0,0.0,2.0,1.0,7.0,0.0,0.0,0.0,0.0,1.0,0.0,2.0,4.0,3.0,3.0,0.0,2.0,0.0,2.0,1.0,6.0,1.0,2.0,2.0,0.0,3.0,0.0,2.0,6.0,1.0,2.0,0.0,2.0,0.0,0.0,0.0,0.0,2.0,0.0,3.0,0.0,0.0,0.0,5.0
129,0.0,0.0,0.0,0.0,0.0,0.0,0.0,0.0,0.0,6.0,1.0,1.0,0.0,0.0,2.0,1.0,1.0,9.0,4.0,1.0,0.0,1.0,0.0,4.0,3.0,6.0,2.0,1.0,2.0,0.0,1.0,0.0,0.0,3.0,1.0,1.0,1.0,2.0,0.0,0.0,0.0,0.0,0.0,0.0,1.0,0.0,0.0,0.0,5.0
130,0.0,1.0,1.0,0.0,0.0,0.0,0.0,2.0,1.0,6.0,3.0,1.0,1.0,0.0,2.0,2.0,4.0,2.0,3.0,2.0,0.0,1.0,0.0,3.0,3.0,3.0,1.0,0.0,2.0,0.0,1.0,0.0,1.0,3.0,2.0,3.0,1.0,3.0,0.0,0.0,1.0,0.0,0.0,0.0,1.0,0.0,0.0,0.0,5.0
131,1.0,1.0,0.0,0.0,0.0,0.0,0.0,1.0,2.0,7.0,3.0,0.0,1.0,0.0,1.0,2.0,2.0,8.0,3.0,1.0,0.0,1.0,0.0,3.0,4.0,1.0,0.0,0.0,1.0,0.0,1.0,0.0,1.0,5.0,1.0,0.0,1.0,1.0,0.0,0.0,0.0,0.0,0.0,0.0,0.0,0.0,0.0,0.0,5.0
132,1.0,1.0,1.0,0.0,0.0,0.0,0.0,2.0,0.0,5.0,1.0,1.0,1.0,0.0,2.0,0.0,4.0,3.0,2.0,1.0,0.0,1.0,0.0,1.0,2.0,0.0,0.0,2.0,1.0,0.0,3.0,0.0,1.0,6.0,4.0,0.0,1.0,1.0,0.0,3.0,0.0,0.0,2.0,0.0,3.0,0.0,0.0,0.0,5.0
133,0.0,0.0,0.0,0.0,0.0,0.0,0.0,0.0,1.0,4.0,1.0,0.0,0.0,0.0,1.0,2.0,2.0,8.0,5.0,3.0,0.0,1.0,0.0,3.0,4.0,6.0,2.0,0.0,2.0,0.0,0.0,0.0,0.0,4.0,1.0,1.0,1.0,2.0,0.0,0.0,0.0,0.0,0.0,0.0,0.0,0.0,0.0,0.0,5.0
134,1.0,3.0,1.0,0.0,0.0,0.0,0.0,2.0,2.0,4.0,1.0,0.0,1.0,0.0,1.0,0.0,2.0,1.0,0.0,4.0,0.0,4.0,0.0,0.0,1.0,0.0,0.0,3.0,0.0,0.0,4.0,0.0,2.0,7.0,2.0,0.0,1.0,1.0,0.0,1.0,1.0,1.0,1.0,0.0,2.0,0.0,0.0,0.0,5.0
135,0.0,1.0,1.0,0.0,0.0,0.0,0.0,2.0,2.0,7.0,1.0,0.0,0.0,0.0,1.0,1.0,2.0,6.0,4.0,2.0,1.0,2.0,0.0,3.0,3.0,6.0,0.0,1.0,1.0,0.0,2.0,0.0,1.0,4.0,1.0,1.0,1.0,2.0,0.0,0.0,0.0,2.0,0.0,0.0,1.0,0.0,0.0,0.0,5.0
136,2.0,2.0,1.0,1.0,0.0,0.0,1.0,2.0,1.0,6.0,2.0,1.0,1.0,0.0,2.0,1.0,3.0,3.0,2.0,2.0,1.0,2.0,0.0,1.0,2.0,0.0,0.0,5.0,0.0,0.0,5.0,0.0,3.0,11.0,0.0,1.0,0.0,1.0,0.0,0.0,1.0,1.0,2.0,0.0,3.0,0.0,0.0,0.0,5.0
137,0.0,2.0,0.0,0.0,0.0,0.0,0.0,1.0,1.0,11.0,1.0,0.0,1.0,0.0,1.0,0.0,3.0,7.0,2.0,2.0,0.0,1.0,0.0,2.0,4.0,3.0,0.0,0.0,1.0,1.0,1.0,0.0,0.0,4.0,0.0,1.0,0.0,2.0,0.0,0.0,0.0,1.0,1.0,0.0,2.0,0.0,0.0,0.0,5.0
138,0.0,3.0,2.0,0.0,0.0,0.0,0.0,3.0,1.0,7.0,1.0,0.0,1.0,0.0,1.0,0.0,2.0,5.0,1.0,3.0,1.0,3.0,0.0,0.0,2.0,1.0,2.0,3.0,1.0,0.0,3.0,0.0,1.0,2.0,4.0,0.0,1.0,1.0,0.0,3.0,0.0,0.0,2.0,0.0,3.0,0.0,0.0,0.0,5.0
139,0.0,1.0,3.0,0.0,0.0,0.0,0.0,4.0,2.0,5.0,2.0,1.0,1.0,0.0,2.0,1.0,2.0,0.0,1.0,6.0,0.0,4.0,2.0,2.0,2.0,0.0,0.0,2.0,0.0,0.0,3.0,0.0,2.0,5.0,1.0,2.0,0.0,2.0,0.0,0.0,1.0,0.0,2.0,0.0,3.0,0.0,0.0,0.0,5.0
140,1.0,1.0,2.0,0.0,0.0,0.0,0.0,3.0,2.0,6.0,2.0,0.0,2.0,0.0,1.0,1.0,5.0,0.0,0.0,4.0,0.0,3.0,0.0,0.0,0.0,0.0,0.0,2.0,0.0,0.0,3.0,0.0,2.0,5.0,0.0,2.0,0.0,2.0,0.0,0.0,2.0,1.0,1.0,0.0,2.0,0.0,0.0,0.0,5.0
141,2.0,3.0,1.0,1.0,0.0,0.0,1.0,2.0,2.0,5.0,0.0,0.0,0.0,0.0,1.0,0.0,4.0,5.0,3.0,0.0,2.0,1.0,0.0,1.0,3.0,3.0,0.0,6.0,0.0,2.0,3.0,0.0,2.0,8.0,0.0,0.0,0.0,1.0,0.0,1.0,1.0,6.0,3.0,0.0,3.0,0.0,0.0,0.0,5.0
142,0.0,3.0,3.0,0.0,0.0,0.0,0.0,4.0,2.0,3.0,0.0,1.0,0.0,0.0,2.0,0.0,2.0,5.0,0.0,3.0,0.0,3.0,0.0,1.0,1.0,2.0,1.0,2.0,1.0,0.0,3.0,0.0,2.0,5.0,1.0,0.0,0.0,1.0,0.0,1.0,0.0,1.0,2.0,0.0,3.0,0.0,0.0,0.0,5.0
143,0.0,0.0,1.0,0.0,0.0,0.0,0.0,2.0,1.0,6.0,0.0,0.0,0.0,0.0,1.0,0.0,1.0,10.0,3.0,0.0,0.0,1.0,0.0,4.0,2.0,3.0,2.0,2.0,2.0,0.0,2.0,0.0,1.0,5.0,1.0,1.0,1.0,2.0,0.0,0.0,0.0,0.0,0.0,0.0,1.0,0.0,0.0,0.0,5.0
144,0.0,2.0,1.0,0.0,0.0,0.0,0.0,2.0,1.0,9.0,2.0,0.0,1.0,0.0,1.0,1.0,1.0,11.0,2.0,3.0,0.0,3.0,0.0,2.0,3.0,1.0,0.0,1.0,0.0,0.0,2.0,0.0,1.0,6.0,0.0,0.0,0.0,1.0,0.0,0.0,0.0,1.0,0.0,0.0,1.0,0.0,0.0,0.0,5.0
145,1.0,1.0,1.0,0.0,0.0,0.0,0.0,2.0,1.0,5.0,2.0,0.0,1.0,0.0,1.0,1.0,3.0,10.0,0.0,1.0,0.0,2.0,0.0,1.0,3.0,0.0,2.0,3.0,1.0,0.0,2.0,0.0,0.0,5.0,1.0,1.0,1.0,2.0,0.0,0.0,0.0,1.0,0.0,0.0,1.0,0.0,0.0,0.0,5.0
146,1.0,3.0,3.0,0.0,0.0,0.0,0.0,3.0,1.0,6.0,1.0,2.0,1.0,0.0,2.0,0.0,5.0,3.0,0.0,2.0,0.0,3.0,1.0,1.0,4.0,0.0,0.0,2.0,0.0,0.0,2.0,0.0,0.0,7.0,0.0,4.0,0.0,4.0,0.0,0.0,1.0,0.0,2.0,0.0,3.0,0.0,0.0,0.0,5.0
147,1.0,3.0,0.0,0.0,0.0,0.0,0.0,1.0,1.0,7.0,3.0,0.0,2.0,0.0,1.0,1.0,3.0,1.0,1.0,7.0,0.0,4.0,3.0,1.0,1.0,1.0,0.0,1.0,1.0,0.0,2.0,0.0,1.0,6.0,1.0,3.0,0.0,3.0,0.0,0.0,2.0,0.0,1.0,0.0,2.0,0.0,0.0,0.0,5.0
148,0.0,1.0,1.0,0.0,0.0,0.0,0.0,2.0,1.0,4.0,1.0,1.0,0.0,0.0,2.0,1.0,3.0,7.0,3.0,6.0,1.0,3.0,3.0,2.0,0.0,5.0,0.0,1.0,1.0,0.0,2.0,0.0,0.0,5.0,0.0,2.0,0.0,3.0,0.0,0.0,0.0,0.0,1.0,0.0,2.0,0.0,0.0,0.0,5.0
149,0.0,1.0,1.0,0.0,0.0,0.0,0.0,2.0,1.0,8.0,2.0,0.0,1.0,0.0,1.0,1.0,1.0,4.0,6.0,4.0,1.0,2.0,0.0,3.0,1.0,3.0,0.0,1.0,1.0,0.0,2.0,0.0,0.0,4.0,3.0,3.0,1.0,3.0,0.0,1.0,0.0,0.0,1.0,0.0,2.0,0.0,0.0,0.0,5.0
150,2.0,2.0,1.0,1.0,0.0,0.0,1.0,2.0,2.0,4.0,0.0,0.0,0.0,0.0,1.0,0.0,6.0,5.0,1.0,1.0,0.0,2.0,1.0,2.0,2.0,1.0,0.0,4.0,0.0,0.0,4.0,0.0,2.0,3.0,0.0,2.0,0.0,2.0,0.0,0.0,1.0,1.0,3.0,0.0,3.0,0.0,0.0,0.0,5.0
151,2.0,2.0,2.0,0.0,0.0,0.0,0.0,2.0,2.0,6.0,2.0,0.0,2.0,0.0,1.0,1.0,4.0,5.0,3.0,3.0,0.0,1.0,1.0,2.0,3.0,1.0,0.0,5.0,0.0,1.0,4.0,0.0,0.0,4.0,0.0,4.0,0.0,4.0,0.0,0.0,1.0,1.0,3.0,0.0,3.0,0.0,0.0,0.0,5.0
152,0.0,4.0,0.0,0.0,0.0,0.0,0.0,1.0,1.0,7.0,0.0,0.0,0.0,0.0,1.0,0.0,4.0,1.0,5.0,5.0,0.0,3.0,0.0,2.0,3.0,8.0,1.0,2.0,1.0,0.0,2.0,0.0,1.0,2.0,2.0,3.0,1.0,3.0,0.0,0.0,0.0,0.0,2.0,0.0,3.0,0.0,0.0,0.0,5.0
153,1.0,2.0,0.0,0.0,0.0,0.0,0.0,1.0,1.0,4.0,3.0,1.0,1.0,0.0,2.0,2.0,6.0,1.0,1.0,4.0,0.0,3.0,1.0,1.0,1.0,1.0,0.0,1.0,1.0,0.0,2.0,0.0,1.0,6.0,1.0,3.0,0.0,3.0,0.0,0.0,1.0,0.0,1.0,0.0,2.0,0.0,0.0,0.0,5.0
154,1.0,5.0,1.0,0.0,0.0,0.0,0.0,2.0,1.0,6.0,0.0,1.0,0.0,0.0,2.0,0.0,5.0,3.0,1.0,1.0,0.0,1.0,0.0,0.0,2.0,6.0,2.0,2.0,2.0,0.0,2.0,0.0,2.0,6.0,0.0,2.0,0.0,2.0,0.0,0.0,1.0,1.0,2.0,0.0,3.0,0.0,0.0,0.0,5.0
155,0.0,3.0,1.0,0.0,0.0,0.0,0.0,2.0,2.0,5.0,1.0,0.0,0.0,0.0,1.0,1.0,3.0,8.0,3.0,3.0,0.0,3.0,0.0,2.0,1.0,3.0,1.0,3.0,3.0,1.0,3.0,0.0,2.0,10.0,0.0,3.0,0.0,2.0,1.0,0.0,1.0,1.0,3.0,0.0,3.0,0.0,0.0,0.0,5.0
156,1.0,5.0,3.0,0.0,0.0,0.0,0.0,3.0,1.0,3.0,0.0,1.0,1.0,0.0,2.0,0.0,3.0,5.0,1.0,0.0,1.0,1.0,0.0,0.0,5.0,0.0,0.0,4.0,0.0,0.0,3.0,0.0,2.0,2.0,1.0,3.0,0.0,2.0,1.0,1.0,1.0,1.0,3.0,0.0,3.0,0.0,0.0,0.0,5.0
157,0.0,0.0,1.0,0.0,0.0,0.0,0.0,2.0,2.0,5.0,1.0,0.0,0.0,0.0,1.0,1.0,5.0,1.0,2.0,4.0,0.0,2.0,2.0,2.0,1.0,5.0,0.0,0.0,1.0,0.0,1.0,0.0,0.0,4.0,1.0,2.0,1.0,3.0,0.0,0.0,0.0,0.0,0.0,0.0,1.0,0.0,0.0,0.0,5.0
158,0.0,3.0,0.0,0.0,0.0,0.0,0.0,1.0,2.0,6.0,1.0,0.0,0.0,0.0,1.0,1.0,6.0,2.0,1.0,4.0,0.0,2.0,2.0,1.0,0.0,3.0,1.0,0.0,2.0,0.0,0.0,0.0,1.0,4.0,0.0,2.0,0.0,3.0,0.0,0.0,0.0,0.0,0.0,0.0,0.0,0.0,0.0,0.0,5.0
159,1.0,2.0,1.0,0.0,0.0,0.0,0.0,2.0,1.0,7.0,0.0,1.0,0.0,0.0,2.0,0.0,2.0,3.0,1.0,6.0,0.0,3.0,3.0,2.0,0.0,0.0,0.0,1.0,1.0,1.0,2.0,0.0,3.0,5.0,1.0,2.0,0.0,2.0,1.0,1.0,2.0,0.0,1.0,0.0,2.0,0.0,0.0,0.0,5.0
160,0.0,1.0,1.0,0.0,0.0,0.0,0.0,2.0,1.0,7.0,1.0,0.0,0.0,0.0,1.0,1.0,4.0,3.0,6.0,3.0,1.0,0.0,1.0,3.0,1.0,5.0,0.0,1.0,1.0,0.0,2.0,0.0,1.0,3.0,1.0,1.0,1.0,2.0,0.0,0.0,0.0,0.0,1.0,0.0,2.0,0.0,0.0,0.0,5.0
161,0.0,1.0,1.0,0.0,0.0,0.0,0.0,2.0,2.0,5.0,1.0,0.0,0.0,0.0,1.0,1.0,7.0,2.0,1.0,3.0,0.0,2.0,1.0,1.0,2.0,2.0,0.0,0.0,1.0,0.0,1.0,0.0,1.0,4.0,3.0,3.0,2.0,3.0,0.0,0.0,0.0,0.0,0.0,0.0,1.0,0.0,0.0,0.0,5.0
162,0.0,1.0,1.0,0.0,0.0,0.0,0.0,2.0,2.0,7.0,3.0,0.0,1.0,0.0,1.0,2.0,6.0,0.0,2.0,4.0,1.0,2.0,1.0,0.0,0.0,1.0,0.0,0.0,1.0,0.0,1.0,0.0,3.0,5.0,1.0,3.0,0.0,2.0,1.0,0.0,2.0,0.0,0.0,0.0,1.0,0.0,0.0,0.0,5.0
163,0.0,2.0,5.0,0.0,0.0,0.0,0.0,5.0,2.0,4.0,0.0,0.0,1.0,0.0,1.0,0.0,1.0,2.0,0.0,7.0,0.0,5.0,3.0,1.0,0.0,0.0,0.0,5.0,0.0,0.0,5.0,0.0,0.0,2.0,0.0,4.0,0.0,4.0,0.0,0.0,1.0,3.0,3.0,0.0,3.0,0.0,0.0,0.0,5.0
164,0.0,1.0,3.0,0.0,0.0,0.0,0.0,4.0,0.0,3.0,0.0,3.0,0.0,0.0,4.0,0.0,4.0,5.0,2.0,3.0,1.0,1.0,0.0,1.0,2.0,6.0,0.0,1.0,1.0,1.0,2.0,0.0,1.0,4.0,1.0,3.0,0.0,3.0,0.0,0.0,2.0,1.0,1.0,0.0,2.0,0.0,0.0,0.0,5.0
165,1.0,2.0,2.0,0.0,0.0,0.0,0.0,3.0,1.0,4.0,1.0,1.0,1.0,0.0,2.0,0.0,4.0,6.0,0.0,1.0,0.0,1.0,1.0,1.0,2.0,1.0,0.0,2.0,0.0,0.0,3.0,0.0,2.0,5.0,0.0,1.0,0.0,2.0,0.0,0.0,1.0,1.0,2.0,0.0,3.0,0.0,0.0,0.0,5.0
166,1.0,1.0,1.0,0.0,0.0,0.0,0.0,2.0,2.0,8.0,2.0,0.0,1.0,0.0,1.0,1.0,3.0,2.0,0.0,0.0,0.0,1.0,0.0,0.0,3.0,0.0,0.0,2.0,0.0,0.0,3.0,0.0,2.0,9.0,0.0,2.0,0.0,2.0,0.0,0.0,2.0,0.0,1.0,0.0,2.0,0.0,0.0,0.0,5.0
167,0.0,3.0,0.0,0.0,0.0,0.0,0.0,1.0,2.0,5.0,1.0,0.0,0.0,0.0,1.0,1.0,3.0,1.0,2.0,4.0,0.0,2.0,1.0,1.0,0.0,4.0,1.0,0.0,2.0,0.0,0.0,0.0,3.0,4.0,3.0,2.0,2.0,2.0,0.0,0.0,0.0,0.0,0.0,0.0,0.0,0.0,0.0,0.0,5.0
168,1.0,2.0,4.0,0.0,0.0,0.0,0.0,4.0,2.0,9.0,0.0,1.0,1.0,0.0,2.0,0.0,3.0,6.0,2.0,1.0,1.0,1.0,0.0,1.0,4.0,3.0,2.0,3.0,0.0,0.0,2.0,1.0,2.0,6.0,0.0,1.0,0.0,2.0,0.0,0.0,1.0,1.0,2.0,0.0,3.0,0.0,0.0,0.0,5.0
169,2.0,1.0,1.0,0.0,0.0,0.0,0.0,2.0,2.0,8.0,2.0,0.0,2.0,0.0,1.0,1.0,2.0,3.0,2.0,0.0,1.0,1.0,0.0,2.0,5.0,0.0,2.0,3.0,1.0,0.0,2.0,0.0,1.0,8.0,2.0,3.0,1.0,3.0,0.0,0.0,0.0,1.0,1.0,0.0,2.0,0.0,0.0,0.0,5.0
170,2.0,1.0,2.0,0.0,0.0,0.0,0.0,3.0,1.0,3.0,2.0,3.0,1.0,0.0,3.0,0.0,4.0,7.0,0.0,3.0,0.0,2.0,2.0,1.0,4.0,1.0,1.0,4.0,0.0,0.0,3.0,0.0,1.0,4.0,0.0,2.0,0.0,3.0,0.0,0.0,1.0,2.0,1.0,0.0,2.0,0.0,0.0,0.0,5.0
171,2.0,1.0,2.0,0.0,0.0,0.0,0.0,3.0,4.0,3.0,0.0,0.0,0.0,0.0,1.0,0.0,2.0,4.0,2.0,4.0,1.0,4.0,1.0,2.0,3.0,1.0,0.0,2.0,0.0,0.0,3.0,0.0,2.0,5.0,0.0,1.0,0.0,2.0,0.0,0.0,1.0,2.0,1.0,0.0,2.0,0.0,0.0,0.0,5.0
172,1.0,4.0,2.0,0.0,0.0,0.0,0.0,3.0,3.0,3.0,0.0,0.0,0.0,0.0,1.0,0.0,4.0,6.0,1.0,0.0,1.0,1.0,1.0,1.0,3.0,4.0,3.0,3.0,2.0,1.0,1.0,1.0,2.0,3.0,0.0,2.0,0.0,2.0,0.0,0.0,1.0,2.0,2.0,0.0,3.0,0.0,0.0,0.0,5.0
173,0.0,1.0,2.0,0.0,0.0,0.0,0.0,3.0,3.0,5.0,2.0,0.0,1.0,0.0,1.0,1.0,2.0,0.0,4.0,2.0,0.0,1.0,0.0,3.0,2.0,1.0,0.0,1.0,1.0,0.0,2.0,0.0,2.0,4.0,1.0,1.0,1.0,2.0,0.0,0.0,0.0,0.0,2.0,0.0,3.0,0.0,0.0,0.0,5.0
174,0.0,3.0,0.0,0.0,0.0,0.0,0.0,1.0,1.0,6.0,3.0,0.0,1.0,0.0,1.0,2.0,5.0,2.0,4.0,5.0,1.0,2.0,1.0,2.0,1.0,4.0,0.0,0.0,1.0,0.0,1.0,0.0,0.0,4.0,0.0,2.0,0.0,3.0,0.0,0.0,1.0,0.0,0.0,0.0,1.0,0.0,0.0,0.0,5.0
175,2.0,3.0,2.0,0.0,0.0,0.0,0.0,2.0,2.0,4.0,0.0,0.0,1.0,0.0,1.0,0.0,0.0,0.0,0.0,5.0,0.0,5.0,0.0,0.0,3.0,0.0,0.0,2.0,0.0,0.0,3.0,0.0,0.0,7.0,2.0,1.0,0.0,2.0,0.0,2.0,1.0,1.0,1.0,0.0,2.0,0.0,0.0,0.0,5.0
176,1.0,2.0,1.0,0.0,0.0,0.0,0.0,2.0,2.0,3.0,3.0,1.0,1.0,0.0,2.0,2.0,2.0,1.0,2.0,2.0,0.0,2.0,0.0,2.0,2.0,4.0,0.0,1.0,1.0,0.0,2.0,0.0,2.0,4.0,1.0,1.0,1.0,2.0,0.0,0.0,0.0,0.0,2.0,0.0,3.0,0.0,0.0,0.0,5.0
177,1.0,2.0,2.0,0.0,0.0,0.0,0.0,3.0,1.0,3.0,3.0,1.0,2.0,0.0,2.0,1.0,4.0,11.0,0.0,1.0,0.0,1.0,1.0,1.0,3.0,0.0,1.0,4.0,0.0,0.0,3.0,0.0,1.0,6.0,0.0,2.0,0.0,3.0,0.0,0.0,1.0,1.0,2.0,0.0,3.0,0.0,0.0,0.0,5.0
178,0.0,1.0,3.0,1.0,0.0,0.0,1.0,4.0,1.0,7.0,1.0,0.0,2.0,0.0,1.0,0.0,1.0,3.0,0.0,3.0,0.0,3.0,1.0,1.0,2.0,0.0,0.0,4.0,0.0,0.0,4.0,0.0,3.0,4.0,0.0,2.0,0.0,1.0,1.0,0.0,1.0,1.0,3.0,0.0,3.0,0.0,0.0,0.0,5.0
179,0.0,1.0,4.0,0.0,0.0,0.0,0.0,5.0,3.0,3.0,0.0,1.0,0.0,0.0,2.0,0.0,1.0,10.0,1.0,1.0,0.0,2.0,0.0,2.0,1.0,2.0,2.0,6.0,1.0,1.0,4.0,0.0,1.0,4.0,0.0,2.0,0.0,3.0,0.0,0.0,1.0,2.0,2.0,0.0,3.0,0.0,0.0,0.0,5.0
180,2.0,2.0,1.0,0.0,0.0,0.0,0.0,2.0,2.0,3.0,0.0,1.0,0.0,0.0,2.0,0.0,6.0,1.0,2.0,2.0,1.0,1.0,0.0,1.0,0.0,2.0,0.0,2.0,0.0,0.0,3.0,0.0,0.0,4.0,1.0,0.0,0.0,2.0,0.0,2.0,1.0,2.0,3.0,1.0,3.0,0.0,0.0,0.0,5.0
181,2.0,2.0,2.0,0.0,0.0,0.0,0.0,2.0,1.0,11.0,1.0,0.0,2.0,0.0,1.0,0.0,5.0,3.0,5.0,3.0,1.0,1.0,0.0,1.0,3.0,3.0,0.0,0.0,0.0,0.0,1.0,0.0,1.0,7.0,3.0,0.0,1.0,1.0,0.0,2.0,0.0,1.0,1.0,0.0,2.0,0.0,0.0,0.0,5.0
182,0.0,1.0,3.0,0.0,0.0,0.0,0.0,4.0,2.0,3.0,2.0,1.0,1.0,0.0,2.0,1.0,2.0,7.0,1.0,2.0,0.0,2.0,1.0,2.0,3.0,0.0,0.0,3.0,0.0,0.0,3.0,0.0,2.0,5.0,0.0,1.0,0.0,2.0,0.0,0.0,0.0,1.0,2.0,0.0,3.0,0.0,0.0,0.0,5.0
183,0.0,3.0,4.0,0.0,0.0,0.0,0.0,4.0,3.0,9.0,2.0,1.0,1.0,0.0,2.0,2.0,3.0,5.0,1.0,5.0,0.0,4.0,2.0,3.0,2.0,0.0,1.0,4.0,0.0,0.0,4.0,0.0,1.0,4.0,1.0,2.0,1.0,3.0,0.0,0.0,0.0,1.0,2.0,0.0,3.0,0.0,0.0,0.0,5.0
184,0.0,1.0,1.0,0.0,0.0,0.0,0.0,2.0,2.0,6.0,1.0,0.0,0.0,0.0,1.0,1.0,6.0,0.0,3.0,2.0,0.0,1.0,1.0,3.0,1.0,3.0,0.0,0.0,1.0,0.0,1.0,0.0,2.0,4.0,2.0,2.0,1.0,2.0,0.0,0.0,2.0,0.0,0.0,0.0,1.0,0.0,0.0,0.0,5.0
185,3.0,3.0,3.0,0.0,1.0,0.0,0.0,2.0,2.0,8.0,0.0,0.0,1.0,0.0,1.0,0.0,2.0,5.0,4.0,0.0,2.0,1.0,1.0,3.0,3.0,1.0,1.0,6.0,0.0,1.0,4.0,1.0,2.0,9.0,0.0,2.0,0.0,2.0,0.0,0.0,0.0,1.0,4.0,0.0,4.0,0.0,0.0,0.0,5.0
186,4.0,2.0,2.0,0.0,0.0,0.0,0.0,2.0,2.0,6.0,0.0,0.0,1.0,0.0,1.0,0.0,3.0,3.0,1.0,0.0,1.0,1.0,1.0,1.0,7.0,0.0,0.0,3.0,0.0,0.0,2.0,0.0,1.0,2.0,0.0,3.0,0.0,3.0,0.0,0.0,1.0,1.0,2.0,0.0,3.0,0.0,0.0,0.0,5.0
187,2.0,3.0,0.0,0.0,0.0,0.0,0.0,1.0,2.0,10.0,2.0,0.0,2.0,0.0,1.0,1.0,3.0,5.0,2.0,1.0,0.0,1.0,0.0,2.0,3.0,1.0,0.0,1.0,0.0,0.0,2.0,0.0,1.0,5.0,1.0,1.0,0.0,2.0,0.0,1.0,2.0,1.0,1.0,0.0,2.0,0.0,0.0,0.0,5.0
188,1.0,2.0,1.0,0.0,0.0,0.0,0.0,2.0,1.0,10.0,2.0,0.0,2.0,0.0,1.0,0.0,3.0,10.0,2.0,1.0,1.0,1.0,1.0,2.0,4.0,1.0,1.0,4.0,0.0,0.0,3.0,0.0,1.0,6.0,0.0,1.0,0.0,2.0,0.0,0.0,0.0,1.0,2.0,0.0,3.0,0.0,0.0,0.0,5.0
189,1.0,0.0,2.0,1.0,0.0,0.0,1.0,3.0,1.0,7.0,3.0,0.0,2.0,0.0,1.0,1.0,5.0,1.0,0.0,3.0,0.0,2.0,0.0,0.0,2.0,0.0,0.0,1.0,0.0,0.0,2.0,0.0,3.0,5.0,1.0,3.0,0.0,2.0,1.0,0.0,2.0,0.0,1.0,0.0,2.0,0.0,0.0,0.0,5.0
190,2.0,2.0,0.0,0.0,0.0,0.0,0.0,1.0,1.0,8.0,1.0,0.0,1.0,0.0,1.0,0.0,2.0,5.0,1.0,0.0,0.0,1.0,0.0,1.0,4.0,2.0,0.0,2.0,0.0,0.0,2.0,0.0,2.0,5.0,0.0,1.0,0.0,2.0,0.0,0.0,0.0,0.0,3.0,0.0,4.0,0.0,0.0,0.0,5.0
191,3.0,5.0,2.0,0.0,0.0,0.0,0.0,2.0,1.0,10.0,0.0,2.0,1.0,0.0,3.0,0.0,2.0,9.0,0.0,1.0,0.0,2.0,0.0,1.0,5.0,3.0,1.0,3.0,1.0,0.0,3.0,0.0,2.0,5.0,0.0,1.0,0.0,2.0,0.0,0.0,1.0,2.0,2.0,0.0,3.0,0.0,0.0,0.0,5.0
192,0.0,1.0,2.0,0.0,0.0,0.0,0.0,3.0,2.0,7.0,2.0,0.0,1.0,0.0,1.0,1.0,2.0,4.0,2.0,1.0,0.0,2.0,0.0,2.0,2.0,2.0,0.0,1.0,1.0,0.0,2.0,0.0,2.0,9.0,0.0,2.0,0.0,2.0,0.0,0.0,1.0,0.0,2.0,0.0,3.0,0.0,0.0,0.0,5.0
193,2.0,5.0,0.0,2.0,0.0,1.0,1.0,1.0,2.0,4.0,2.0,0.0,1.0,0.0,1.0,1.0,0.0,5.0,0.0,2.0,0.0,3.0,1.0,1.0,6.0,1.0,1.0,3.0,1.0,0.0,2.0,0.0,1.0,5.0,0.0,4.0,0.0,3.0,1.0,0.0,1.0,1.0,2.0,0.0,3.0,0.0,0.0,0.0,5.0
194,1.0,4.0,1.0,0.0,0.0,0.0,0.0,2.0,1.0,7.0,0.0,1.0,0.0,0.0,2.0,0.0,3.0,5.0,2.0,3.0,1.0,3.0,0.0,1.0,0.0,2.0,0.0,5.0,1.0,1.0,5.0,0.0,2.0,8.0,0.0,2.0,0.0,2.0,1.0,1.0,1.0,3.0,3.0,0.0,3.0,0.0,0.0,0.0,5.0
195,2.0,3.0,2.0,0.0,0.0,0.0,0.0,2.0,1.0,5.0,1.0,0.0,2.0,0.0,1.0,0.0,1.0,2.0,3.0,2.0,1.0,2.0,0.0,1.0,7.0,1.0,0.0,3.0,0.0,0.0,2.0,0.0,2.0,6.0,1.0,3.0,0.0,2.0,1.0,1.0,0.0,0.0,4.0,0.0,4.0,0.0,0.0,0.0,5.0
196,1.0,2.0,2.0,0.0,0.0,0.0,0.0,3.0,2.0,4.0,0.0,1.0,0.0,0.0,2.0,0.0,3.0,3.0,2.0,2.0,1.0,2.0,0.0,1.0,1.0,0.0,0.0,3.0,0.0,0.0,4.0,0.0,2.0,7.0,0.0,2.0,0.0,2.0,0.0,0.0,1.0,2.0,2.0,0.0,3.0,0.0,0.0,0.0,5.0
197,4.0,3.0,2.0,0.0,0.0,0.0,0.0,2.0,1.0,9.0,1.0,0.0,2.0,0.0,1.0,0.0,0.0,9.0,2.0,3.0,0.0,3.0,0.0,3.0,3.0,4.0,1.0,3.0,0.0,0.0,3.0,0.0,0.0,4.0,0.0,2.0,0.0,3.0,0.0,0.0,0.0,2.0,2.0,0.0,3.0,0.0,0.0,0.0,5.0
198,3.0,2.0,3.0,0.0,0.0,0.0,0.0,3.0,1.0,11.0,1.0,0.0,2.0,0.0,1.0,0.0,2.0,10.0,2.0,2.0,0.0,1.0,1.0,3.0,3.0,1.0,1.0,4.0,0.0,0.0,4.0,0.0,0.0,4.0,0.0,2.0,0.0,3.0,0.0,0.0,1.0,3.0,1.0,0.0,2.0,0.0,0.0,0.0,5.0
199,4.0,4.0,2.0,0.0,0.0,0.0,0.0,2.0,1.0,3.0,1.0,0.0,2.0,0.0,1.0,0.0,6.0,0.0,3.0,2.0,1.0,1.0,0.0,0.0,3.0,0.0,0.0,7.0,0.0,2.0,4.0,0.0,2.0,3.0,1.0,1.0,0.0,1.0,0.0,1.0,0.0,3.0,4.0,0.0,4.0,0.0,0.0,0.0,5.0
200,3.0,1.0,1.0,0.0,0.0,0.0,0.0,2.0,4.0,4.0,6.0,1.0,2.0,0.0,2.0,3.0,7.0,0.0,1.0,2.0,0.0,1.0,0.0,0.0,0.0,2.0,1.0,0.0,2.0,0.0,1.0,0.0,2.0,5.0,1.0,0.0,0.0,1.0,0.0,1.0,1.0,2.0,1.0,0.0,2.0,0.0,0.0,0.0,5.0
201,1.0,2.0,3.0,0.0,0.0,0.0,0.0,4.0,1.0,6.0,2.0,1.0,2.0,0.0,2.0,0.0,6.0,2.0,5.0,0.0,2.0,0.0,0.0,2.0,8.0,0.0,0.0,3.0,0.0,0.0,2.0,0.0,0.0,4.0,0.0,3.0,0.0,4.0,0.0,0.0,1.0,2.0,2.0,0.0,3.0,0.0,0.0,0.0,5.0
202,0.0,2.0,2.0,0.0,0.0,0.0,0.0,3.0,1.0,10.0,1.0,1.0,1.0,0.0,2.0,0.0,3.0,5.0,3.0,2.0,1.0,2.0,0.0,1.0,1.0,1.0,0.0,3.0,0.0,0.0,3.0,0.0,2.0,5.0,1.0,3.0,0.0,2.0,1.0,1.0,1.0,0.0,2.0,0.0,3.0,0.0,0.0,0.0,5.0
203,1.0,3.0,2.0,0.0,0.0,0.0,0.0,3.0,2.0,9.0,2.0,0.0,1.0,0.0,1.0,1.0,5.0,0.0,0.0,3.0,0.0,1.0,1.0,0.0,0.0,2.0,0.0,2.0,0.0,0.0,3.0,0.0,1.0,3.0,1.0,2.0,0.0,2.0,0.0,1.0,2.0,3.0,2.0,0.0,2.0,0.0,0.0,0.0,5.0
204,2.0,0.0,2.0,0.0,0.0,0.0,0.0,3.0,3.0,5.0,1.0,2.0,1.0,1.0,2.0,0.0,3.0,3.0,0.0,0.0,0.0,1.0,0.0,1.0,2.0,2.0,2.0,3.0,1.0,0.0,3.0,0.0,1.0,6.0,2.0,1.0,1.0,2.0,0.0,1.0,0.0,1.0,1.0,0.0,2.0,0.0,0.0,0.0,5.0
205,2.0,3.0,0.0,0.0,0.0,0.0,0.0,1.0,1.0,6.0,0.0,1.0,0.0,0.0,2.0,0.0,2.0,7.0,2.0,2.0,0.0,2.0,1.0,2.0,1.0,0.0,0.0,4.0,1.0,1.0,4.0,0.0,1.0,4.0,0.0,2.0,0.0,3.0,0.0,0.0,1.0,1.0,3.0,0.0,3.0,0.0,0.0,0.0,5.0
206,1.0,2.0,4.0,1.0,0.0,0.0,1.0,4.0,1.0,13.0,0.0,1.0,1.0,0.0,2.0,0.0,3.0,12.0,2.0,3.0,1.0,2.0,0.0,1.0,2.0,2.0,0.0,2.0,0.0,0.0,3.0,0.0,1.0,4.0,0.0,2.0,0.0,3.0,0.0,0.0,1.0,2.0,2.0,0.0,3.0,0.0,0.0,0.0,5.0
207,2.0,2.0,2.0,0.0,0.0,0.0,0.0,2.0,2.0,8.0,2.0,0.0,2.0,0.0,1.0,1.0,6.0,4.0,4.0,2.0,1.0,1.0,0.0,2.0,4.0,2.0,0.0,4.0,0.0,0.0,4.0,0.0,1.0,7.0,0.0,3.0,0.0,3.0,0.0,0.0,1.0,2.0,2.0,0.0,2.0,0.0,0.0,0.0,5.0
208,3.0,3.0,1.0,0.0,0.0,0.0,0.0,2.0,2.0,6.0,1.0,1.0,1.0,0.0,2.0,0.0,3.0,6.0,0.0,1.0,0.0,1.0,0.0,0.0,1.0,1.0,0.0,6.0,0.0,1.0,5.0,0.0,1.0,4.0,1.0,1.0,0.0,2.0,0.0,1.0,0.0,2.0,3.0,0.0,4.0,0.0,0.0,0.0,5.0
209,1.0,4.0,2.0,1.0,0.0,0.0,1.0,3.0,2.0,5.0,0.0,0.0,0.0,0.0,1.0,0.0,2.0,14.0,2.0,2.0,1.0,2.0,0.0,1.0,0.0,4.0,0.0,5.0,0.0,0.0,5.0,0.0,2.0,4.0,0.0,2.0,0.0,2.0,1.0,1.0,1.0,5.0,5.0,0.0,4.0,0.0,0.0,1.0,5.0
210,0.0,1.0,2.0,0.0,0.0,0.0,0.0,3.0,0.0,7.0,3.0,1.0,2.0,0.0,2.0,1.0,3.0,5.0,3.0,3.0,0.0,2.0,0.0,2.0,1.0,2.0,1.0,1.0,2.0,0.0,2.0,0.0,1.0,10.0,1.0,0.0,0.0,1.0,0.0,1.0,0.0,0.0,2.0,0.0,3.0,0.0,0.0,0.0,5.0
211,2.0,2.0,1.0,1.0,0.0,0.0,1.0,2.0,2.0,7.0,4.0,0.0,2.0,0.0,1.0,2.0,4.0,2.0,0.0,3.0,0.0,3.0,0.0,0.0,2.0,0.0,0.0,2.0,0.0,0.0,3.0,0.0,2.0,9.0,0.0,2.0,0.0,2.0,0.0,0.0,1.0,0.0,2.0,0.0,3.0,0.0,0.0,0.0,5.0
212,2.0,4.0,1.0,0.0,0.0,0.0,0.0,2.0,0.0,7.0,2.0,1.0,2.0,0.0,2.0,0.0,0.0,2.0,0.0,2.0,0.0,3.0,1.0,1.0,4.0,2.0,1.0,3.0,0.0,0.0,3.0,0.0,3.0,6.0,1.0,1.0,0.0,1.0,0.0,0.0,0.0,0.0,3.0,0.0,4.0,0.0,0.0,0.0,5.0
213,2.0,3.0,3.0,0.0,0.0,0.0,0.0,3.0,1.0,10.0,0.0,2.0,1.0,0.0,3.0,0.0,2.0,7.0,1.0,2.0,0.0,2.0,2.0,2.0,5.0,3.0,0.0,3.0,0.0,0.0,3.0,0.0,0.0,5.0,0.0,3.0,0.0,4.0,0.0,0.0,0.0,2.0,2.0,0.0,3.0,0.0,0.0,0.0,5.0
214,0.0,2.0,1.0,0.0,0.0,0.0,0.0,2.0,0.0,7.0,4.0,0.0,3.0,0.0,1.0,1.0,2.0,5.0,1.0,4.0,1.0,4.0,0.0,0.0,1.0,1.0,0.0,2.0,1.0,0.0,3.0,0.0,2.0,5.0,1.0,0.0,0.0,1.0,0.0,1.0,0.0,0.0,2.0,0.0,3.0,0.0,0.0,0.0,5.0
215,0.0,0.0,1.0,0.0,0.0,0.0,0.0,2.0,2.0,5.0,1.0,0.0,0.0,0.0,1.0,1.0,4.0,3.0,2.0,2.0,0.0,1.0,2.0,3.0,2.0,5.0,1.0,0.0,2.0,0.0,1.0,0.0,0.0,3.0,2.0,2.0,2.0,3.0,0.0,0.0,0.0,0.0,0.0,0.0,0.0,0.0,0.0,0.0,5.0
216,0.0,1.0,0.0,0.0,0.0,0.0,0.0,1.0,2.0,6.0,1.0,0.0,0.0,0.0,1.0,1.0,5.0,3.0,3.0,2.0,0.0,1.0,1.0,3.0,1.0,4.0,2.0,1.0,3.0,0.0,2.0,0.0,1.0,3.0,2.0,1.0,2.0,2.0,0.0,0.0,0.0,0.0,0.0,0.0,0.0,0.0,0.0,0.0,5.0
217,0.0,1.0,4.0,0.0,0.0,0.0,0.0,5.0,2.0,2.0,0.0,0.0,1.0,0.0,2.0,0.0,0.0,1.0,0.0,3.0,0.0,4.0,1.0,1.0,3.0,0.0,0.0,3.0,0.0,0.0,3.0,0.0,1.0,3.0,0.0,2.0,0.0,3.0,0.0,0.0,0.0,0.0,3.0,0.0,4.0,0.0,0.0,0.0,5.0
218,2.0,0.0,1.0,0.0,0.0,0.0,0.0,2.0,2.0,6.0,3.0,0.0,2.0,0.0,1.0,1.0,2.0,1.0,2.0,4.0,0.0,3.0,2.0,3.0,3.0,1.0,1.0,2.0,1.0,0.0,2.0,0.0,1.0,4.0,2.0,3.0,1.0,3.0,0.0,0.0,0.0,1.0,1.0,0.0,2.0,0.0,0.0,0.0,5.0
219,0.0,1.0,0.0,0.0,0.0,0.0,0.0,1.0,2.0,6.0,1.0,0.0,0.0,0.0,1.0,1.0,2.0,2.0,5.0,2.0,0.0,0.0,0.0,4.0,3.0,5.0,1.0,0.0,2.0,0.0,1.0,0.0,2.0,5.0,1.0,0.0,1.0,1.0,0.0,0.0,0.0,0.0,0.0,0.0,1.0,0.0,0.0,0.0,5.0
220,0.0,1.0,0.0,0.0,0.0,0.0,0.0,1.0,2.0,6.0,1.0,0.0,0.0,0.0,1.0,1.0,2.0,2.0,5.0,4.0,0.0,2.0,1.0,3.0,3.0,6.0,0.0,0.0,1.0,0.0,1.0,0.0,1.0,4.0,1.0,1.0,1.0,2.0,0.0,0.0,0.0,0.0,0.0,0.0,1.0,0.0,0.0,0.0,5.0
221,2.0,8.0,3.0,1.0,0.0,0.0,0.0,3.0,1.0,1.0,1.0,3.0,1.0,0.0,3.0,0.0,3.0,6.0,2.0,1.0,1.0,1.0,2.0,2.0,4.0,0.0,0.0,6.0,0.0,2.0,3.0,0.0,0.0,3.0,0.0,3.0,0.0,4.0,0.0,0.0,1.0,2.0,2.0,0.0,3.0,0.0,0.0,0.0,5.0
222,2.0,6.0,3.0,1.0,0.0,1.0,0.0,3.0,1.0,3.0,1.0,2.0,2.0,1.0,2.0,0.0,3.0,6.0,0.0,3.0,0.0,2.0,2.0,1.0,1.0,3.0,0.0,5.0,0.0,1.0,4.0,0.0,0.0,6.0,0.0,4.0,0.0,4.0,0.0,0.0,1.0,5.0,3.0,0.0,3.0,0.0,0.0,0.0,5.0
223,3.0,1.0,1.0,0.0,0.0,0.0,0.0,2.0,2.0,6.0,0.0,0.0,1.0,0.0,1.0,0.0,6.0,3.0,0.0,2.0,0.0,2.0,1.0,1.0,2.0,1.0,0.0,1.0,0.0,0.0,2.0,0.0,1.0,3.0,0.0,3.0,0.0,3.0,0.0,0.0,1.0,0.0,2.0,0.0,3.0,0.0,0.0,0.0,5.0
224,0.0,1.0,1.0,0.0,0.0,0.0,0.0,2.0,2.0,6.0,2.0,0.0,1.0,0.0,1.0,1.0,5.0,4.0,3.0,2.0,1.0,1.0,1.0,2.0,2.0,1.0,0.0,2.0,1.0,0.0,3.0,0.0,1.0,5.0,1.0,1.0,1.0,2.0,0.0,0.0,0.0,2.0,0.0,0.0,1.0,0.0,0.0,0.0,5.0
225,0.0,1.0,0.0,0.0,0.0,0.0,0.0,1.0,1.0,6.0,1.0,0.0,0.0,0.0,1.0,1.0,2.0,1.0,6.0,3.0,0.0,0.0,1.0,4.0,1.0,6.0,0.0,0.0,1.0,0.0,1.0,0.0,1.0,3.0,2.0,1.0,2.0,2.0,0.0,0.0,0.0,0.0,0.0,0.0,0.0,0.0,0.0,0.0,5.0
226,1.0,4.0,3.0,0.0,0.0,0.0,0.0,3.0,2.0,6.0,0.0,0.0,1.0,0.0,1.0,0.0,3.0,5.0,1.0,2.0,1.0,2.0,2.0,1.0,2.0,1.0,1.0,7.0,0.0,2.0,4.0,1.0,2.0,4.0,0.0,2.0,0.0,2.0,0.0,0.0,0.0,2.0,4.0,0.0,4.0,0.0,0.0,0.0,5.0
227,0.0,1.0,1.0,0.0,0.0,0.0,0.0,2.0,2.0,6.0,3.0,0.0,1.0,0.0,1.0,2.0,3.0,4.0,4.0,3.0,0.0,1.0,2.0,4.0,4.0,2.0,0.0,0.0,1.0,0.0,1.0,0.0,3.0,4.0,3.0,1.0,2.0,1.0,0.0,0.0,0.0,0.0,0.0,0.0,1.0,0.0,0.0,0.0,5.0
228,0.0,0.0,3.0,0.0,0.0,0.0,0.0,4.0,2.0,7.0,3.0,0.0,2.0,0.0,1.0,1.0,3.0,6.0,4.0,2.0,1.0,1.0,0.0,4.0,3.0,2.0,0.0,1.0,0.0,0.0,2.0,0.0,2.0,5.0,2.0,2.0,1.0,2.0,0.0,0.0,0.0,1.0,1.0,0.0,2.0,0.0,0.0,0.0,5.0
229,0.0,1.0,0.0,0.0,0.0,0.0,0.0,1.0,2.0,6.0,1.0,0.0,0.0,0.0,1.0,1.0,3.0,3.0,2.0,1.0,0.0,1.0,1.0,3.0,3.0,4.0,0.0,1.0,1.0,0.0,2.0,0.0,2.0,3.0,2.0,1.0,2.0,2.0,0.0,0.0,0.0,0.0,0.0,0.0,1.0,0.0,0.0,0.0,5.0
230,0.0,1.0,3.0,0.0,0.0,0.0,0.0,4.0,3.0,9.0,1.0,0.0,1.0,0.0,1.0,0.0,6.0,3.0,2.0,4.0,0.0,3.0,0.0,2.0,1.0,0.0,0.0,3.0,0.0,0.0,4.0,0.0,1.0,4.0,0.0,2.0,0.0,3.0,0.0,0.0,1.0,1.0,1.0,0.0,2.0,0.0,0.0,0.0,5.0
231,0.0,1.0,0.0,0.0,0.0,0.0,0.0,1.0,2.0,6.0,1.0,0.0,0.0,0.0,1.0,1.0,5.0,5.0,3.0,2.0,0.0,1.0,1.0,3.0,3.0,2.0,1.0,0.0,3.0,1.0,1.0,0.0,0.0,4.0,1.0,1.0,1.0,2.0,0.0,0.0,0.0,0.0,0.0,0.0,0.0,0.0,0.0,0.0,5.0
232,0.0,1.0,0.0,0.0,0.0,0.0,0.0,1.0,1.0,7.0,0.0,0.0,0.0,0.0,1.0,0.0,2.0,2.0,6.0,2.0,0.0,0.0,0.0,4.0,3.0,6.0,0.0,0.0,1.0,0.0,1.0,0.0,2.0,4.0,2.0,0.0,2.0,1.0,0.0,0.0,0.0,0.0,0.0,0.0,0.0,0.0,0.0,0.0,5.0
233,2.0,4.0,1.0,0.0,0.0,0.0,0.0,2.0,3.0,1.0,1.0,1.0,0.0,0.0,2.0,1.0,2.0,9.0,1.0,1.0,1.0,2.0,0.0,1.0,4.0,0.0,1.0,4.0,0.0,0.0,3.0,0.0,2.0,6.0,0.0,1.0,0.0,2.0,0.0,0.0,1.0,3.0,2.0,0.0,3.0,0.0,0.0,0.0,5.0
234,2.0,4.0,0.0,1.0,0.0,0.0,1.0,1.0,1.0,3.0,0.0,1.0,0.0,0.0,2.0,0.0,4.0,4.0,1.0,2.0,0.0,2.0,0.0,0.0,2.0,2.0,1.0,3.0,2.0,1.0,3.0,0.0,2.0,5.0,1.0,0.0,0.0,1.0,0.0,2.0,3.0,1.0,1.0,0.0,2.0,0.0,0.0,0.0,5.0
235,1.0,4.0,1.0,0.0,0.0,0.0,0.0,2.0,1.0,5.0,0.0,1.0,0.0,0.0,2.0,0.0,2.0,4.0,2.0,2.0,1.0,2.0,0.0,0.0,7.0,1.0,1.0,2.0,0.0,0.0,1.0,1.0,2.0,9.0,4.0,2.0,1.0,2.0,0.0,3.0,1.0,1.0,2.0,0.0,3.0,0.0,0.0,0.0,5.0
236,0.0,1.0,3.0,0.0,0.0,0.0,0.0,4.0,3.0,3.0,0.0,0.0,0.0,0.0,1.0,0.0,5.0,1.0,3.0,1.0,1.0,1.0,0.0,1.0,3.0,0.0,1.0,4.0,0.0,0.0,3.0,0.0,2.0,4.0,0.0,1.0,0.0,2.0,0.0,0.0,0.0,1.0,3.0,0.0,4.0,0.0,0.0,0.0,5.0
237,1.0,5.0,3.0,0.0,0.0,0.0,0.0,3.0,2.0,5.0,0.0,1.0,0.0,0.0,2.0,0.0,4.0,7.0,3.0,2.0,1.0,1.0,0.0,0.0,5.0,2.0,0.0,3.0,0.0,0.0,3.0,0.0,3.0,9.0,1.0,2.0,0.0,1.0,0.0,0.0,1.0,1.0,2.0,0.0,3.0,0.0,0.0,0.0,5.0
238,1.0,3.0,2.0,0.0,0.0,0.0,0.0,2.0,2.0,10.0,1.0,1.0,2.0,1.0,1.0,0.0,2.0,5.0,0.0,4.0,0.0,3.0,2.0,1.0,1.0,1.0,0.0,3.0,0.0,0.0,3.0,0.0,1.0,5.0,0.0,4.0,0.0,3.0,1.0,0.0,1.0,1.0,3.0,0.0,3.0,0.0,0.0,0.0,5.0
239,3.0,5.0,4.0,1.0,1.0,0.0,0.0,3.0,4.0,1.0,0.0,0.0,0.0,0.0,1.0,0.0,5.0,2.0,1.0,4.0,0.0,3.0,1.0,0.0,0.0,3.0,0.0,3.0,1.0,0.0,4.0,0.0,0.0,1.0,0.0,2.0,0.0,3.0,0.0,0.0,2.0,5.0,2.0,0.0,2.0,0.0,0.0,0.0,5.0
240,0.0,1.0,0.0,0.0,0.0,0.0,0.0,1.0,0.0,6.0,0.0,0.0,0.0,0.0,1.0,0.0,3.0,16.0,2.0,1.0,0.0,1.0,0.0,2.0,1.0,3.0,4.0,3.0,3.0,0.0,2.0,0.0,1.0,6.0,1.0,0.0,1.0,1.0,0.0,0.0,0.0,1.0,0.0,0.0,1.0,0.0,0.0,0.0,5.0
241,0.0,1.0,2.0,0.0,0.0,0.0,0.0,3.0,1.0,5.0,0.0,1.0,0.0,0.0,2.0,0.0,3.0,1.0,2.0,3.0,0.0,2.0,0.0,1.0,2.0,4.0,0.0,1.0,1.0,1.0,2.0,0.0,2.0,4.0,3.0,2.0,2.0,2.0,0.0,0.0,0.0,1.0,0.0,0.0,1.0,0.0,0.0,0.0,5.0
242,0.0,2.0,1.0,0.0,0.0,0.0,0.0,2.0,1.0,4.0,1.0,1.0,0.0,0.0,2.0,1.0,3.0,5.0,1.0,1.0,0.0,1.0,2.0,3.0,1.0,2.0,3.0,4.0,3.0,1.0,3.0,0.0,0.0,5.0,0.0,2.0,0.0,3.0,0.0,0.0,0.0,1.0,1.0,0.0,2.0,0.0,0.0,0.0,5.0
243,1.0,2.0,1.0,0.0,0.0,0.0,0.0,2.0,2.0,7.0,0.0,0.0,0.0,0.0,1.0,0.0,1.0,9.0,3.0,2.0,0.0,2.0,1.0,3.0,3.0,5.0,0.0,3.0,1.0,0.0,3.0,0.0,1.0,5.0,0.0,1.0,0.0,2.0,0.0,0.0,0.0,1.0,2.0,0.0,3.0,0.0,0.0,0.0,5.0
244,1.0,2.0,2.0,0.0,0.0,0.0,0.0,3.0,2.0,3.0,3.0,0.0,2.0,0.0,1.0,1.0,2.0,1.0,0.0,2.0,0.0,3.0,0.0,0.0,2.0,1.0,0.0,3.0,0.0,0.0,3.0,0.0,2.0,3.0,1.0,0.0,0.0,1.0,0.0,1.0,1.0,1.0,2.0,0.0,3.0,0.0,0.0,0.0,5.0
245,0.0,3.0,1.0,0.0,0.0,0.0,0.0,2.0,1.0,4.0,0.0,1.0,0.0,0.0,2.0,0.0,3.0,9.0,4.0,2.0,2.0,2.0,0.0,1.0,3.0,4.0,0.0,2.0,2.0,1.0,2.0,0.0,1.0,7.0,1.0,0.0,0.0,1.0,0.0,2.0,0.0,0.0,3.0,0.0,4.0,0.0,0.0,0.0,5.0
246,2.0,5.0,2.0,0.0,0.0,0.0,0.0,2.0,2.0,5.0,1.0,0.0,1.0,0.0,1.0,1.0,2.0,4.0,1.0,0.0,1.0,1.0,1.0,1.0,8.0,0.0,0.0,3.0,0.0,0.0,2.0,0.0,0.0,5.0,0.0,4.0,0.0,4.0,0.0,0.0,0.0,0.0,4.0,0.0,4.0,0.0,0.0,0.0,5.0
247,0.0,0.0,0.0,0.0,0.0,0.0,0.0,0.0,0.0,7.0,0.0,0.0,0.0,0.0,1.0,0.0,2.0,9.0,4.0,3.0,0.0,1.0,1.0,3.0,2.0,6.0,1.0,0.0,2.0,0.0,1.0,0.0,1.0,5.0,1.0,0.0,1.0,1.0,0.0,0.0,0.0,0.0,0.0,0.0,0.0,0.0,0.0,0.0,5.0
248,1.0,3.0,1.0,0.0,0.0,0.0,0.0,2.0,2.0,6.0,0.0,0.0,0.0,0.0,1.0,0.0,2.0,4.0,1.0,3.0,1.0,3.0,0.0,0.0,1.0,2.0,0.0,3.0,0.0,0.0,3.0,0.0,2.0,6.0,2.0,2.0,1.0,2.0,0.0,0.0,0.0,1.0,2.0,0.0,3.0,0.0,0.0,0.0,5.0
249,1.0,4.0,1.0,0.0,0.0,0.0,0.0,2.0,1.0,9.0,1.0,0.0,1.0,0.0,1.0,0.0,2.0,3.0,3.0,5.0,1.0,3.0,1.0,1.0,0.0,1.0,0.0,1.0,1.0,0.0,2.0,0.0,2.0,4.0,1.0,1.0,0.0,2.0,0.0,1.0,1.0,1.0,2.0,1.0,3.0,0.0,1.0,0.0,5.0
250,4.0,2.0,2.0,0.0,0.0,0.0,0.0,2.0,0.0,6.0,1.0,1.0,2.0,0.0,2.0,0.0,5.0,1.0,2.0,1.0,2.0,1.0,0.0,0.0,5.0,0.0,1.0,2.0,0.0,0.0,1.0,0.0,1.0,6.0,1.0,3.0,0.0,3.0,0.0,0.0,0.0,0.0,2.0,0.0,3.0,0.0,0.0,0.0,5.0
251,0.0,3.0,1.0,0.0,0.0,0.0,0.0,2.0,1.0,6.0,1.0,0.0,1.0,0.0,1.0,0.0,4.0,3.0,1.0,4.0,0.0,2.0,1.0,0.0,1.0,4.0,0.0,0.0,1.0,0.0,1.0,0.0,2.0,5.0,1.0,3.0,0.0,3.0,1.0,1.0,2.0,0.0,2.0,0.0,3.0,0.0,0.0,0.0,5.0
252,5.0,3.0,1.0,0.0,0.0,0.0,0.0,1.0,2.0,4.0,0.0,0.0,1.0,0.0,1.0,0.0,0.0,1.0,0.0,2.0,0.0,3.0,0.0,0.0,5.0,1.0,0.0,3.0,0.0,0.0,3.0,0.0,2.0,8.0,2.0,2.0,1.0,2.0,0.0,0.0,0.0,1.0,2.0,0.0,3.0,0.0,0.0,0.0,5.0
253,1.0,1.0,1.0,0.0,0.0,0.0,1.0,2.0,1.0,5.0,2.0,1.0,0.0,0.0,2.0,2.0,4.0,1.0,2.0,3.0,1.0,2.0,0.0,1.0,3.0,9.0,1.0,0.0,2.0,0.0,1.0,0.0,1.0,5.0,0.0,1.0,0.0,2.0,0.0,0.0,1.0,0.0,1.0,0.0,2.0,0.0,0.0,0.0,5.0
254,0.0,6.0,4.0,0.0,0.0,0.0,0.0,4.0,0.0,4.0,2.0,2.0,3.0,1.0,2.0,0.0,1.0,7.0,0.0,5.0,0.0,4.0,2.0,1.0,0.0,1.0,0.0,5.0,0.0,0.0,5.0,0.0,1.0,4.0,0.0,3.0,0.0,3.0,0.0,0.0,2.0,7.0,2.0,0.0,2.0,0.0,0.0,0.0,5.0
255,0.0,3.0,1.0,0.0,0.0,0.0,0.0,2.0,2.0,5.0,2.0,0.0,0.0,0.0,1.0,2.0,2.0,3.0,1.0,5.0,0.0,4.0,0.0,0.0,1.0,5.0,1.0,2.0,2.0,0.0,3.0,0.0,2.0,5.0,1.0,0.0,1.0,1.0,0.0,0.0,0.0,1.0,1.0,0.0,2.0,0.0,0.0,0.0,5.0
256,1.0,0.0,2.0,1.0,0.0,0.0,2.0,3.0,3.0,4.0,3.0,0.0,0.0,0.0,1.0,3.0,2.0,4.0,3.0,4.0,2.0,3.0,0.0,1.0,1.0,2.0,0.0,2.0,1.0,0.0,3.0,0.0,3.0,4.0,1.0,1.0,0.0,1.0,0.0,0.0,1.0,0.0,2.0,0.0,3.0,0.0,0.0,0.0,5.0
257,0.0,5.0,3.0,0.0,0.0,0.0,0.0,3.0,2.0,13.0,1.0,0.0,1.0,0.0,1.0,1.0,3.0,6.0,2.0,3.0,1.0,2.0,2.0,2.0,2.0,0.0,0.0,3.0,0.0,0.0,3.0,0.0,1.0,6.0,0.0,3.0,0.0,3.0,0.0,0.0,1.0,1.0,1.0,0.0,2.0,0.0,0.0,0.0,5.0
258,0.0,2.0,2.0,1.0,0.0,0.0,1.0,3.0,2.0,6.0,1.0,0.0,0.0,0.0,1.0,1.0,3.0,8.0,1.0,6.0,0.0,4.0,2.0,1.0,1.0,5.0,0.0,2.0,1.0,0.0,3.0,0.0,1.0,3.0,1.0,2.0,1.0,3.0,0.0,0.0,1.0,0.0,1.0,0.0,2.0,0.0,0.0,0.0,5.0
259,1.0,1.0,2.0,0.0,0.0,0.0,0.0,3.0,1.0,12.0,1.0,1.0,1.0,0.0,2.0,0.0,2.0,5.0,4.0,3.0,1.0,2.0,0.0,2.0,1.0,1.0,0.0,1.0,1.0,0.0,2.0,0.0,1.0,9.0,0.0,1.0,0.0,2.0,0.0,1.0,2.0,1.0,1.0,0.0,2.0,0.0,0.0,0.0,5.0
260,0.0,3.0,2.0,0.0,0.0,0.0,0.0,3.0,0.0,7.0,0.0,1.0,0.0,0.0,2.0,0.0,1.0,4.0,1.0,6.0,1.0,5.0,1.0,0.0,0.0,8.0,0.0,2.0,1.0,0.0,3.0,0.0,6.0,4.0,4.0,1.0,1.0,1.0,0.0,2.0,0.0,0.0,2.0,0.0,3.0,0.0,0.0,0.0,5.0
261,0.0,2.0,2.0,0.0,0.0,0.0,0.0,3.0,2.0,14.0,1.0,1.0,2.0,1.0,1.0,0.0,3.0,4.0,2.0,3.0,1.0,3.0,0.0,1.0,1.0,2.0,1.0,1.0,1.0,0.0,2.0,0.0,3.0,5.0,1.0,1.0,0.0,1.0,0.0,0.0,1.0,0.0,2.0,0.0,3.0,0.0,0.0,0.0,5.0
262,1.0,4.0,2.0,0.0,0.0,0.0,0.0,3.0,2.0,4.0,0.0,1.0,0.0,0.0,2.0,0.0,2.0,4.0,3.0,5.0,0.0,3.0,1.0,1.0,2.0,4.0,0.0,1.0,1.0,0.0,2.0,0.0,3.0,4.0,0.0,0.0,0.0,1.0,0.0,0.0,2.0,2.0,1.0,0.0,2.0,0.0,0.0,0.0,5.0
263,0.0,2.0,2.0,0.0,0.0,0.0,0.0,3.0,1.0,7.0,3.0,1.0,2.0,0.0,2.0,1.0,2.0,5.0,2.0,1.0,1.0,2.0,1.0,2.0,5.0,1.0,0.0,4.0,0.0,0.0,3.0,0.0,0.0,3.0,0.0,3.0,0.0,4.0,0.0,0.0,1.0,1.0,2.0,0.0,3.0,0.0,0.0,0.0,5.0
264,1.0,1.0,3.0,0.0,0.0,0.0,0.0,4.0,1.0,0.0,1.0,1.0,2.0,0.0,2.0,0.0,3.0,3.0,4.0,6.0,1.0,3.0,1.0,0.0,3.0,5.0,1.0,4.0,0.0,1.0,3.0,1.0,1.0,2.0,0.0,2.0,0.0,2.0,0.0,0.0,0.0,3.0,2.0,0.0,3.0,0.0,0.0,0.0,5.0
265,2.0,3.0,2.0,0.0,0.0,0.0,0.0,2.0,3.0,3.0,0.0,1.0,2.0,1.0,3.0,1.0,0.0,1.0,0.0,4.0,0.0,4.0,0.0,1.0,4.0,2.0,0.0,1.0,0.0,0.0,2.0,0.0,1.0,6.0,3.0,0.0,1.0,1.0,0.0,2.0,1.0,1.0,1.0,0.0,2.0,0.0,0.0,0.0,5.0
266,1.0,1.0,1.0,0.0,0.0,0.0,0.0,2.0,1.0,6.0,1.0,0.0,1.0,0.0,1.0,0.0,2.0,10.0,2.0,1.0,0.0,1.0,1.0,3.0,2.0,1.0,2.0,3.0,1.0,0.0,3.0,0.0,0.0,7.0,0.0,1.0,0.0,2.0,0.0,0.0,0.0,0.0,1.0,0.0,2.0,0.0,0.0,0.0,5.0
267,1.0,4.0,1.0,0.0,0.0,0.0,0.0,2.0,2.0,7.0,2.0,0.0,1.0,0.0,1.0,1.0,2.0,1.0,1.0,6.0,1.0,4.0,1.0,0.0,1.0,0.0,0.0,1.0,0.0,0.0,2.0,0.0,1.0,4.0,1.0,1.0,0.0,2.0,0.0,1.0,1.0,1.0,1.0,1.0,2.0,0.0,1.0,0.0,5.0
268,0.0,2.0,2.0,0.0,0.0,0.0,0.0,3.0,1.0,9.0,2.0,1.0,1.0,0.0,2.0,1.0,2.0,8.0,2.0,3.0,0.0,3.0,0.0,1.0,2.0,2.0,0.0,2.0,0.0,0.0,2.0,0.0,1.0,6.0,1.0,1.0,0.0,2.0,0.0,1.0,1.0,0.0,2.0,0.0,3.0,0.0,0.0,0.0,5.0
269,1.0,0.0,1.0,0.0,0.0,0.0,0.0,2.0,1.0,3.0,1.0,2.0,0.0,0.0,3.0,1.0,2.0,10.0,4.0,1.0,1.0,1.0,0.0,3.0,2.0,1.0,1.0,1.0,3.0,2.0,2.0,0.0,1.0,7.0,0.0,0.0,0.0,1.0,0.0,0.0,0.0,0.0,0.0,0.0,1.0,0.0,0.0,0.0,5.0
270,2.0,4.0,1.0,0.0,0.0,0.0,0.0,2.0,2.0,3.0,1.0,0.0,1.0,0.0,1.0,0.0,1.0,3.0,3.0,1.0,2.0,2.0,1.0,2.0,6.0,0.0,2.0,3.0,1.0,0.0,2.0,0.0,2.0,7.0,1.0,2.0,0.0,2.0,0.0,0.0,0.0,0.0,3.0,0.0,4.0,0.0,0.0,0.0,5.0
271,2.0,1.0,2.0,0.0,0.0,0.0,0.0,3.0,3.0,5.0,1.0,2.0,1.0,1.0,2.0,0.0,2.0,3.0,1.0,1.0,0.0,2.0,0.0,1.0,3.0,1.0,0.0,3.0,0.0,0.0,3.0,0.0,2.0,4.0,0.0,1.0,0.0,2.0,0.0,0.0,1.0,2.0,2.0,0.0,3.0,0.0,0.0,0.0,5.0
272,1.0,2.0,1.0,0.0,0.0,0.0,0.0,2.0,1.0,10.0,2.0,0.0,2.0,0.0,1.0,0.0,4.0,6.0,2.0,1.0,1.0,1.0,0.0,1.0,2.0,1.0,0.0,3.0,0.0,0.0,3.0,0.0,2.0,12.0,0.0,0.0,0.0,1.0,0.0,1.0,1.0,1.0,2.0,0.0,3.0,0.0,0.0,0.0,5.0
273,0.0,1.0,2.0,0.0,0.0,0.0,0.0,3.0,1.0,6.0,1.0,0.0,1.0,0.0,1.0,0.0,2.0,10.0,0.0,2.0,0.0,2.0,0.0,1.0,2.0,1.0,2.0,3.0,1.0,0.0,3.0,0.0,1.0,8.0,0.0,0.0,0.0,1.0,0.0,0.0,0.0,1.0,1.0,0.0,2.0,0.0,0.0,0.0,5.0
274,0.0,0.0,1.0,0.0,0.0,0.0,0.0,2.0,2.0,5.0,1.0,0.0,0.0,0.0,1.0,1.0,2.0,9.0,3.0,2.0,0.0,1.0,1.0,3.0,1.0,3.0,1.0,2.0,2.0,0.0,3.0,0.0,0.0,5.0,1.0,1.0,1.0,2.0,0.0,0.0,0.0,1.0,0.0,0.0,1.0,0.0,0.0,0.0,5.0
275,0.0,2.0,1.0,0.0,0.0,0.0,0.0,2.0,1.0,6.0,0.0,0.0,0.0,0.0,1.0,0.0,1.0,7.0,3.0,2.0,0.0,2.0,0.0,3.0,3.0,7.0,0.0,1.0,1.0,0.0,2.0,0.0,2.0,6.0,1.0,0.0,1.0,1.0,0.0,0.0,0.0,1.0,1.0,0.0,2.0,0.0,0.0,0.0,5.0
276,2.0,1.0,1.0,1.0,0.0,0.0,1.0,2.0,2.0,6.0,0.0,0.0,0.0,0.0,1.0,0.0,4.0,2.0,4.0,2.0,1.0,1.0,0.0,2.0,2.0,5.0,1.0,3.0,1.0,1.0,3.0,0.0,1.0,9.0,1.0,2.0,0.0,2.0,0.0,1.0,1.0,0.0,2.0,0.0,3.0,0.0,0.0,0.0,5.0
277,2.0,6.0,2.0,0.0,0.0,0.0,0.0,2.0,1.0,0.0,0.0,2.0,0.0,0.0,3.0,0.0,3.0,4.0,2.0,2.0,1.0,2.0,0.0,0.0,4.0,2.0,1.0,4.0,0.0,0.0,3.0,1.0,0.0,6.0,2.0,0.0,0.0,1.0,0.0,3.0,0.0,1.0,4.0,0.0,4.0,0.0,0.0,0.0,5.0
278,0.0,0.0,1.0,0.0,0.0,0.0,0.0,2.0,1.0,6.0,0.0,0.0,0.0,0.0,1.0,0.0,2.0,10.0,3.0,2.0,1.0,2.0,0.0,2.0,2.0,7.0,2.0,3.0,2.0,0.0,3.0,0.0,1.0,7.0,0.0,0.0,0.0,1.0,0.0,0.0,0.0,1.0,1.0,0.0,2.0,0.0,0.0,0.0,5.0
279,4.0,3.0,0.0,1.0,0.0,0.0,1.0,1.0,2.0,0.0,0.0,0.0,0.0,0.0,1.0,0.0,3.0,3.0,0.0,1.0,0.0,2.0,0.0,0.0,2.0,1.0,0.0,3.0,0.0,0.0,4.0,0.0,1.0,1.0,0.0,2.0,0.0,3.0,0.0,0.0,0.0,1.0,3.0,0.0,4.0,0.0,0.0,0.0,5.0
280,2.0,3.0,4.0,1.0,1.0,1.0,0.0,3.0,1.0,6.0,2.0,0.0,3.0,0.0,1.0,0.0,1.0,4.0,1.0,6.0,0.0,4.0,3.0,2.0,3.0,0.0,0.0,4.0,0.0,0.0,4.0,0.0,0.0,3.0,0.0,3.0,0.0,4.0,0.0,0.0,0.0,2.0,3.0,1.0,3.0,0.0,1.0,0.0,5.0
281,0.0,1.0,2.0,0.0,0.0,0.0,0.0,3.0,1.0,7.0,1.0,2.0,0.0,0.0,2.0,0.0,1.0,9.0,5.0,3.0,1.0,2.0,0.0,3.0,2.0,5.0,2.0,2.0,1.0,0.0,2.0,0.0,1.0,6.0,0.0,0.0,0.0,1.0,0.0,0.0,0.0,1.0,1.0,0.0,2.0,0.0,0.0,0.0,5.0
282,0.0,0.0,2.0,1.0,0.0,0.0,1.0,3.0,2.0,6.0,1.0,0.0,0.0,0.0,1.0,1.0,2.0,8.0,4.0,2.0,1.0,2.0,0.0,2.0,2.0,5.0,0.0,1.0,1.0,0.0,2.0,0.0,4.0,6.0,3.0,2.0,1.0,2.0,0.0,1.0,0.0,0.0,2.0,0.0,3.0,0.0,0.0,0.0,5.0
283,0.0,2.0,1.0,0.0,0.0,0.0,0.0,2.0,1.0,5.0,1.0,1.0,0.0,0.0,2.0,1.0,2.0,10.0,2.0,1.0,0.0,1.0,0.0,3.0,3.0,3.0,1.0,3.0,1.0,1.0,3.0,0.0,1.0,5.0,0.0,1.0,0.0,2.0,0.0,0.0,0.0,1.0,1.0,0.0,2.0,0.0,0.0,0.0,5.0
284,0.0,2.0,2.0,0.0,0.0,0.0,0.0,3.0,2.0,6.0,1.0,0.0,1.0,0.0,1.0,0.0,2.0,4.0,1.0,3.0,1.0,3.0,0.0,0.0,2.0,0.0,0.0,2.0,0.0,0.0,3.0,0.0,1.0,8.0,1.0,1.0,0.0,2.0,0.0,1.0,0.0,0.0,2.0,0.0,3.0,0.0,0.0,0.0,5.0
285,3.0,3.0,1.0,0.0,0.0,0.0,0.0,1.0,0.0,6.0,1.0,1.0,2.0,0.0,2.0,0.0,4.0,2.0,2.0,2.0,1.0,2.0,0.0,1.0,4.0,1.0,0.0,3.0,0.0,0.0,3.0,0.0,2.0,5.0,0.0,3.0,0.0,2.0,1.0,0.0,1.0,1.0,3.0,0.0,3.0,0.0,0.0,0.0,5.0
286,1.0,2.0,0.0,0.0,0.0,0.0,0.0,1.0,1.0,4.0,5.0,0.0,3.0,0.0,1.0,2.0,3.0,1.0,2.0,5.0,0.0,3.0,2.0,2.0,2.0,1.0,0.0,1.0,1.0,0.0,2.0,0.0,0.0,4.0,1.0,4.0,0.0,4.0,0.0,0.0,1.0,0.0,1.0,0.0,2.0,0.0,0.0,0.0,5.0
287,1.0,2.0,1.0,0.0,0.0,0.0,0.0,2.0,2.0,6.0,1.0,0.0,1.0,0.0,1.0,0.0,1.0,1.0,1.0,4.0,0.0,4.0,0.0,0.0,2.0,0.0,0.0,2.0,0.0,0.0,3.0,0.0,2.0,8.0,1.0,1.0,0.0,1.0,1.0,2.0,1.0,0.0,2.0,0.0,3.0,0.0,0.0,0.0,5.0
288,2.0,1.0,2.0,0.0,0.0,0.0,0.0,3.0,2.0,11.0,0.0,0.0,1.0,0.0,2.0,0.0,1.0,4.0,1.0,2.0,1.0,2.0,2.0,1.0,7.0,0.0,1.0,4.0,0.0,2.0,1.0,1.0,0.0,5.0,0.0,4.0,0.0,4.0,0.0,0.0,0.0,2.0,4.0,0.0,4.0,0.0,0.0,0.0,5.0
289,1.0,0.0,1.0,0.0,0.0,0.0,0.0,2.0,2.0,4.0,3.0,0.0,1.0,0.0,1.0,2.0,6.0,2.0,0.0,2.0,0.0,1.0,2.0,1.0,4.0,1.0,2.0,0.0,2.0,0.0,0.0,0.0,1.0,4.0,1.0,3.0,0.0,3.0,0.0,0.0,1.0,0.0,1.0,0.0,2.0,0.0,0.0,0.0,5.0
290,4.0,6.0,1.0,1.0,0.0,0.0,1.0,1.0,1.0,2.0,2.0,0.0,2.0,0.0,1.0,1.0,6.0,3.0,1.0,3.0,1.0,4.0,1.0,1.0,9.0,1.0,1.0,2.0,1.0,0.0,1.0,0.0,0.0,5.0,0.0,4.0,0.0,4.0,0.0,0.0,1.0,3.0,3.0,0.0,3.0,0.0,0.0,0.0,5.0
291,1.0,2.0,0.0,0.0,0.0,0.0,0.0,1.0,0.0,4.0,4.0,1.0,2.0,0.0,2.0,2.0,5.0,1.0,0.0,1.0,0.0,1.0,1.0,1.0,2.0,2.0,0.0,0.0,1.0,0.0,1.0,0.0,2.0,4.0,2.0,2.0,1.0,2.0,0.0,0.0,0.0,0.0,0.0,0.0,1.0,0.0,0.0,0.0,5.0
292,1.0,8.0,1.0,2.0,0.0,1.0,0.0,1.0,1.0,12.0,0.0,0.0,1.0,0.0,1.0,0.0,3.0,7.0,1.0,2.0,0.0,2.0,0.0,1.0,0.0,3.0,0.0,6.0,0.0,1.0,5.0,0.0,2.0,7.0,0.0,4.0,0.0,3.0,1.0,0.0,1.0,5.0,5.0,0.0,4.0,0.0,0.0,1.0,5.0
293,0.0,1.0,1.0,0.0,0.0,0.0,0.0,2.0,2.0,4.0,1.0,1.0,0.0,0.0,2.0,1.0,5.0,0.0,2.0,2.0,0.0,1.0,0.0,1.0,0.0,2.0,0.0,0.0,1.0,0.0,1.0,0.0,3.0,7.0,2.0,2.0,1.0,2.0,0.0,0.0,0.0,0.0,0.0,0.0,1.0,0.0,0.0,0.0,5.0
294,0.0,2.0,1.0,0.0,0.0,0.0,0.0,2.0,2.0,3.0,3.0,0.0,1.0,0.0,1.0,2.0,5.0,0.0,1.0,2.0,0.0,1.0,0.0,0.0,0.0,1.0,1.0,0.0,2.0,0.0,0.0,0.0,2.0,6.0,1.0,2.0,0.0,2.0,0.0,0.0,0.0,0.0,0.0,0.0,0.0,0.0,0.0,0.0,5.0
295,1.0,2.0,0.0,0.0,0.0,0.0,0.0,1.0,1.0,6.0,3.0,1.0,1.0,0.0,2.0,2.0,7.0,0.0,2.0,2.0,0.0,1.0,0.0,1.0,0.0,1.0,0.0,0.0,1.0,0.0,0.0,0.0,2.0,4.0,3.0,2.0,2.0,2.0,0.0,0.0,0.0,0.0,0.0,0.0,0.0,0.0,0.0,0.0,5.0
296,1.0,1.0,1.0,0.0,0.0,0.0,0.0,2.0,2.0,5.0,4.0,0.0,2.0,0.0,1.0,2.0,5.0,1.0,0.0,1.0,0.0,1.0,1.0,1.0,3.0,0.0,0.0,1.0,1.0,0.0,2.0,0.0,1.0,3.0,2.0,3.0,1.0,3.0,0.0,0.0,2.0,0.0,0.0,0.0,1.0,0.0,0.0,0.0,5.0
297,1.0,1.0,0.0,0.0,0.0,0.0,0.0,1.0,2.0,4.0,5.0,0.0,2.0,0.0,1.0,3.0,2.0,1.0,3.0,5.0,0.0,3.0,2.0,3.0,2.0,2.0,0.0,1.0,1.0,0.0,2.0,0.0,1.0,4.0,3.0,3.0,2.0,3.0,0.0,0.0,0.0,0.0,0.0,0.0,1.0,0.0,0.0,0.0,5.0
298,0.0,2.0,0.0,0.0,0.0,0.0,0.0,1.0,1.0,7.0,0.0,0.0,0.0,0.0,1.0,0.0,3.0,0.0,3.0,3.0,0.0,2.0,0.0,2.0,0.0,6.0,1.0,0.0,2.0,0.0,0.0,0.0,2.0,4.0,3.0,2.0,2.0,2.0,0.0,0.0,0.0,0.0,0.0,0.0,0.0,0.0,0.0,0.0,5.0
299,0.0,1.0,1.0,0.0,0.0,0.0,0.0,2.0,1.0,7.0,0.0,0.0,0.0,0.0,1.0,0.0,7.0,2.0,4.0,2.0,1.0,0.0,0.0,2.0,1.0,6.0,1.0,0.0,3.0,0.0,1.0,0.0,1.0,5.0,1.0,0.0,1.0,1.0,0.0,0.0,0.0,0.0,0.0,0.0,0.0,0.0,0.0,0.0,5.0
300,0.0,1.0,1.0,0.0,0.0,0.0,0.0,2.0,1.0,5.0,4.0,0.0,2.0,0.0,1.0,2.0,3.0,1.0,4.0,3.0,1.0,1.0,1.0,2.0,1.0,2.0,0.0,0.0,1.0,0.0,1.0,0.0,3.0,5.0,2.0,3.0,1.0,2.0,1.0,0.0,2.0,0.0,0.0,0.0,1.0,0.0,0.0,0.0,5.0
301,1.0,3.0,1.0,0.0,0.0,0.0,0.0,2.0,1.0,8.0,3.0,1.0,2.0,0.0,2.0,1.0,5.0,4.0,0.0,3.0,0.0,2.0,2.0,1.0,3.0,4.0,1.0,2.0,0.0,0.0,2.0,1.0,1.0,6.0,1.0,3.0,0.0,3.0,0.0,0.0,0.0,2.0,2.0,0.0,3.0,0.0,0.0,0.0,5.0
302,1.0,3.0,1.0,0.0,0.0,0.0,0.0,2.0,1.0,7.0,1.0,0.0,1.0,0.0,1.0,0.0,3.0,5.0,1.0,4.0,1.0,3.0,1.0,0.0,2.0,3.0,0.0,1.0,1.0,1.0,2.0,0.0,3.0,5.0,4.0,2.0,1.0,1.0,1.0,2.0,0.0,0.0,2.0,0.0,3.0,0.0,0.0,0.0,5.0
303,0.0,3.0,1.0,0.0,0.0,0.0,0.0,2.0,1.0,7.0,2.0,0.0,1.0,0.0,1.0,1.0,2.0,2.0,1.0,6.0,0.0,4.0,1.0,0.0,2.0,3.0,0.0,1.0,1.0,0.0,2.0,0.0,2.0,10.0,1.0,1.0,0.0,2.0,0.0,1.0,2.0,0.0,1.0,0.0,2.0,0.0,0.0,0.0,5.0
304,1.0,3.0,1.0,0.0,0.0,0.0,0.0,2.0,2.0,5.0,1.0,1.0,0.0,0.0,2.0,1.0,2.0,0.0,2.0,4.0,0.0,3.0,0.0,1.0,1.0,5.0,0.0,1.0,1.0,0.0,2.0,0.0,3.0,8.0,3.0,0.0,1.0,1.0,0.0,2.0,2.0,0.0,1.0,0.0,2.0,0.0,0.0,0.0,5.0
305,1.0,6.0,1.0,0.0,0.0,0.0,0.0,2.0,1.0,7.0,1.0,0.0,2.0,0.0,1.0,0.0,2.0,7.0,5.0,4.0,1.0,3.0,0.0,2.0,2.0,4.0,1.0,4.0,1.0,1.0,3.0,0.0,2.0,2.0,0.0,3.0,0.0,2.0,1.0,0.0,1.0,2.0,4.0,0.0,3.0,0.0,0.0,1.0,5.0
306,1.0,3.0,0.0,0.0,0.0,0.0,0.0,1.0,2.0,7.0,1.0,0.0,0.0,0.0,1.0,1.0,3.0,0.0,3.0,4.0,1.0,2.0,1.0,1.0,0.0,5.0,0.0,0.0,1.0,0.0,1.0,0.0,1.0,7.0,3.0,1.0,1.0,2.0,0.0,2.0,0.0,0.0,0.0,0.0,1.0,0.0,0.0,0.0,5.0
307,1.0,4.0,1.0,0.0,0.0,0.0,0.0,2.0,1.0,8.0,1.0,0.0,1.0,0.0,1.0,0.0,3.0,5.0,1.0,4.0,0.0,3.0,1.0,1.0,1.0,0.0,0.0,2.0,0.0,0.0,3.0,0.0,1.0,10.0,1.0,1.0,0.0,2.0,0.0,2.0,1.0,0.0,2.0,0.0,3.0,0.0,0.0,0.0,5.0
308,1.0,3.0,0.0,0.0,0.0,0.0,0.0,1.0,1.0,8.0,0.0,0.0,0.0,0.0,1.0,0.0,2.0,2.0,5.0,4.0,2.0,2.0,1.0,2.0,0.0,8.0,0.0,0.0,1.0,0.0,0.0,0.0,1.0,6.0,3.0,1.0,1.0,2.0,0.0,2.0,1.0,0.0,0.0,0.0,1.0,0.0,0.0,0.0,5.0
309,0.0,1.0,3.0,1.0,0.0,0.0,1.0,4.0,2.0,7.0,0.0,0.0,0.0,0.0,1.0,0.0,3.0,1.0,1.0,4.0,0.0,3.0,0.0,0.0,1.0,5.0,0.0,2.0,1.0,0.0,3.0,0.0,2.0,4.0,1.0,1.0,1.0,2.0,0.0,0.0,0.0,0.0,2.0,0.0,3.0,0.0,0.0,0.0,5.0
310,2.0,2.0,2.0,0.0,0.0,0.0,0.0,2.0,2.0,4.0,0.0,2.0,0.0,0.0,2.0,0.0,5.0,1.0,0.0,3.0,0.0,2.0,0.0,0.0,2.0,0.0,0.0,1.0,0.0,0.0,2.0,0.0,2.0,9.0,1.0,2.0,0.0,2.0,1.0,1.0,2.0,0.0,1.0,0.0,2.0,0.0,0.0,0.0,5.0
311,0.0,3.0,1.0,0.0,0.0,0.0,0.0,2.0,1.0,5.0,2.0,0.0,1.0,0.0,1.0,1.0,2.0,2.0,3.0,4.0,1.0,3.0,0.0,1.0,1.0,2.0,0.0,1.0,1.0,0.0,2.0,0.0,1.0,9.0,2.0,1.0,1.0,2.0,0.0,1.0,0.0,0.0,0.0,0.0,1.0,0.0,0.0,0.0,5.0
312,1.0,3.0,0.0,0.0,0.0,0.0,0.0,1.0,1.0,6.0,2.0,0.0,1.0,0.0,1.0,1.0,5.0,1.0,1.0,3.0,0.0,2.0,0.0,0.0,2.0,4.0,0.0,1.0,1.0,0.0,2.0,0.0,1.0,5.0,0.0,1.0,0.0,2.0,0.0,0.0,0.0,0.0,1.0,0.0,2.0,0.0,0.0,0.0,5.0
313,0.0,0.0,0.0,0.0,0.0,0.0,0.0,1.0,2.0,6.0,1.0,0.0,0.0,0.0,1.0,1.0,4.0,1.0,3.0,4.0,1.0,2.0,1.0,1.0,0.0,5.0,0.0,0.0,1.0,0.0,0.0,0.0,1.0,6.0,4.0,0.0,2.0,1.0,0.0,2.0,0.0,0.0,0.0,0.0,0.0,0.0,0.0,0.0,5.0
314,0.0,3.0,1.0,0.0,0.0,0.0,0.0,2.0,1.0,6.0,2.0,0.0,1.0,0.0,1.0,1.0,0.0,8.0,3.0,3.0,0.0,3.0,0.0,3.0,2.0,4.0,0.0,1.0,1.0,0.0,2.0,0.0,1.0,4.0,1.0,1.0,1.0,2.0,0.0,0.0,0.0,0.0,1.0,0.0,2.0,0.0,0.0,0.0,5.0
315,2.0,2.0,2.0,0.0,0.0,0.0,0.0,3.0,3.0,7.0,1.0,0.0,1.0,0.0,1.0,0.0,4.0,4.0,0.0,1.0,0.0,2.0,1.0,1.0,5.0,1.0,1.0,3.0,0.0,0.0,2.0,0.0,0.0,4.0,0.0,3.0,0.0,4.0,0.0,0.0,0.0,0.0,3.0,0.0,4.0,0.0,0.0,0.0,5.0
316,0.0,0.0,0.0,0.0,0.0,0.0,0.0,0.0,1.0,4.0,1.0,0.0,0.0,0.0,1.0,2.0,3.0,2.0,2.0,3.0,0.0,2.0,0.0,1.0,2.0,5.0,1.0,0.0,2.0,0.0,1.0,0.0,2.0,3.0,4.0,2.0,3.0,2.0,0.0,0.0,0.0,0.0,0.0,0.0,0.0,0.0,0.0,0.0,5.0
317,0.0,2.0,1.0,0.0,0.0,0.0,0.0,2.0,1.0,4.0,1.0,1.0,0.0,0.0,2.0,1.0,3.0,11.0,1.0,2.0,0.0,2.0,0.0,1.0,2.0,8.0,0.0,1.0,1.0,0.0,2.0,0.0,1.0,5.0,1.0,1.0,1.0,2.0,0.0,0.0,0.0,1.0,1.0,0.0,2.0,0.0,0.0,0.0,5.0
318,0.0,4.0,1.0,0.0,0.0,0.0,0.0,2.0,2.0,5.0,1.0,0.0,0.0,0.0,1.0,1.0,6.0,8.0,5.0,1.0,1.0,0.0,0.0,2.0,1.0,8.0,0.0,3.0,1.0,0.0,3.0,0.0,1.0,1.0,0.0,1.0,0.0,2.0,0.0,0.0,1.0,5.0,3.0,0.0,3.0,0.0,0.0,0.0,5.0
319,0.0,1.0,1.0,0.0,0.0,0.0,0.0,2.0,3.0,4.0,2.0,0.0,0.0,0.0,1.0,2.0,3.0,6.0,3.0,3.0,0.0,1.0,0.0,2.0,2.0,3.0,0.0,0.0,1.0,0.0,1.0,0.0,1.0,5.0,0.0,2.0,0.0,3.0,0.0,0.0,2.0,1.0,0.0,0.0,1.0,0.0,0.0,0.0,5.0
320,0.0,2.0,0.0,0.0,0.0,0.0,0.0,1.0,2.0,5.0,2.0,0.0,0.0,0.0,1.0,2.0,4.0,3.0,5.0,2.0,0.0,0.0,0.0,2.0,2.0,6.0,1.0,1.0,2.0,0.0,2.0,0.0,0.0,4.0,0.0,2.0,0.0,3.0,0.0,0.0,1.0,0.0,1.0,0.0,2.0,0.0,0.0,0.0,5.0
321,0.0,0.0,2.0,0.0,0.0,0.0,0.0,3.0,2.0,8.0,0.0,0.0,0.0,0.0,1.0,0.0,5.0,0.0,2.0,0.0,0.0,0.0,0.0,1.0,0.0,0.0,0.0,0.0,1.0,0.0,0.0,0.0,4.0,4.0,3.0,1.0,3.0,2.0,0.0,1.0,0.0,0.0,0.0,0.0,0.0,0.0,0.0,0.0,5.0
322,0.0,1.0,2.0,0.0,0.0,0.0,0.0,3.0,3.0,7.0,3.0,0.0,1.0,0.0,1.0,2.0,2.0,3.0,1.0,2.0,0.0,3.0,0.0,1.0,3.0,2.0,0.0,1.0,1.0,0.0,2.0,0.0,2.0,6.0,0.0,1.0,0.0,2.0,0.0,0.0,1.0,0.0,2.0,0.0,3.0,0.0,0.0,0.0,5.0
323,0.0,0.0,2.0,0.0,0.0,0.0,0.0,3.0,2.0,7.0,4.0,0.0,2.0,0.0,1.0,2.0,2.0,9.0,3.0,3.0,0.0,2.0,0.0,2.0,2.0,0.0,0.0,1.0,1.0,0.0,2.0,0.0,1.0,6.0,0.0,1.0,0.0,2.0,0.0,0.0,0.0,0.0,1.0,0.0,2.0,0.0,0.0,0.0,5.0
324,2.0,4.0,2.0,2.0,0.0,2.0,0.0,2.0,2.0,2.0,0.0,0.0,1.0,0.0,1.0,0.0,4.0,1.0,1.0,2.0,1.0,2.0,0.0,0.0,5.0,2.0,0.0,3.0,0.0,0.0,3.0,0.0,1.0,4.0,0.0,2.0,0.0,3.0,0.0,0.0,0.0,1.0,2.0,0.0,3.0,0.0,0.0,0.0,5.0
325,1.0,1.0,3.0,0.0,0.0,0.0,0.0,3.0,0.0,9.0,3.0,0.0,4.0,0.0,1.0,0.0,5.0,1.0,0.0,3.0,0.0,3.0,1.0,1.0,1.0,2.0,0.0,1.0,0.0,0.0,2.0,0.0,1.0,5.0,0.0,1.0,0.0,2.0,0.0,0.0,0.0,1.0,2.0,0.0,3.0,0.0,0.0,0.0,5.0
326,0.0,1.0,1.0,0.0,0.0,0.0,0.0,2.0,2.0,6.0,1.0,0.0,0.0,0.0,1.0,1.0,2.0,9.0,1.0,0.0,0.0,1.0,1.0,3.0,3.0,4.0,1.0,2.0,1.0,0.0,2.0,0.0,1.0,3.0,1.0,2.0,1.0,3.0,0.0,0.0,0.0,1.0,1.0,0.0,2.0,0.0,0.0,0.0,5.0
327,0.0,2.0,1.0,0.0,0.0,0.0,0.0,2.0,3.0,6.0,4.0,0.0,1.0,0.0,1.0,3.0,3.0,5.0,4.0,3.0,1.0,2.0,0.0,2.0,2.0,2.0,0.0,0.0,1.0,0.0,1.0,0.0,2.0,6.0,0.0,0.0,0.0,1.0,0.0,0.0,1.0,0.0,0.0,0.0,1.0,0.0,0.0,0.0,5.0
328,2.0,3.0,3.0,1.0,0.0,0.0,1.0,3.0,2.0,5.0,1.0,0.0,0.0,0.0,1.0,1.0,4.0,4.0,6.0,2.0,3.0,1.0,0.0,1.0,7.0,1.0,0.0,3.0,0.0,0.0,2.0,0.0,1.0,4.0,0.0,0.0,0.0,1.0,0.0,1.0,1.0,1.0,5.0,0.0,4.0,0.0,0.0,1.0,5.0
329,1.0,2.0,1.0,0.0,0.0,0.0,0.0,2.0,3.0,8.0,3.0,0.0,1.0,0.0,1.0,2.0,1.0,5.0,2.0,3.0,0.0,3.0,0.0,1.0,2.0,2.0,1.0,2.0,0.0,0.0,2.0,0.0,2.0,5.0,1.0,1.0,1.0,2.0,0.0,0.0,1.0,0.0,1.0,0.0,2.0,0.0,0.0,0.0,5.0
330,1.0,1.0,1.0,0.0,0.0,0.0,0.0,2.0,2.0,7.0,4.0,0.0,2.0,0.0,1.0,2.0,3.0,4.0,3.0,2.0,1.0,2.0,0.0,1.0,3.0,1.0,0.0,3.0,0.0,0.0,3.0,0.0,2.0,7.0,0.0,0.0,0.0,1.0,0.0,0.0,0.0,1.0,2.0,0.0,3.0,0.0,0.0,0.0,5.0
331,1.0,2.0,1.0,0.0,0.0,0.0,0.0,2.0,3.0,7.0,3.0,0.0,1.0,0.0,1.0,2.0,6.0,4.0,2.0,2.0,0.0,2.0,1.0,2.0,2.0,1.0,0.0,1.0,0.0,0.0,2.0,0.0,1.0,5.0,0.0,2.0,0.0,3.0,0.0,0.0,1.0,1.0,1.0,0.0,2.0,0.0,0.0,0.0,5.0
332,1.0,2.0,2.0,0.0,0.0,0.0,0.0,3.0,3.0,5.0,1.0,0.0,0.0,0.0,1.0,1.0,2.0,4.0,2.0,3.0,0.0,3.0,0.0,1.0,2.0,2.0,0.0,3.0,1.0,0.0,3.0,0.0,1.0,5.0,2.0,2.0,0.0,2.0,0.0,1.0,0.0,1.0,3.0,0.0,4.0,0.0,0.0,0.0,5.0
333,2.0,8.0,2.0,0.0,0.0,0.0,0.0,2.0,1.0,3.0,1.0,0.0,2.0,0.0,1.0,0.0,6.0,4.0,3.0,3.0,1.0,1.0,1.0,1.0,5.0,7.0,0.0,3.0,0.0,0.0,3.0,0.0,2.0,2.0,0.0,2.0,0.0,2.0,0.0,0.0,2.0,8.0,2.0,0.0,2.0,0.0,0.0,0.0,5.0
334,0.0,3.0,1.0,0.0,0.0,0.0,0.0,2.0,2.0,5.0,1.0,0.0,0.0,0.0,1.0,1.0,3.0,7.0,3.0,3.0,0.0,3.0,0.0,2.0,0.0,6.0,1.0,2.0,2.0,0.0,3.0,0.0,2.0,7.0,2.0,5.0,0.0,3.0,2.0,2.0,1.0,0.0,4.0,0.0,4.0,0.0,0.0,0.0,5.0
335,2.0,1.0,2.0,0.0,0.0,0.0,0.0,3.0,2.0,12.0,0.0,0.0,1.0,0.0,1.0,0.0,3.0,7.0,3.0,0.0,1.0,1.0,1.0,3.0,5.0,1.0,1.0,4.0,1.0,0.0,3.0,0.0,1.0,8.0,0.0,3.0,0.0,3.0,0.0,0.0,1.0,1.0,2.0,0.0,3.0,0.0,0.0,0.0,5.0
336,0.0,2.0,2.0,0.0,0.0,0.0,0.0,3.0,2.0,2.0,3.0,0.0,2.0,0.0,1.0,1.0,3.0,6.0,2.0,0.0,1.0,1.0,1.0,2.0,4.0,1.0,0.0,4.0,0.0,0.0,4.0,0.0,0.0,2.0,0.0,3.0,0.0,4.0,0.0,0.0,1.0,1.0,2.0,0.0,3.0,0.0,0.0,0.0,5.0
337,0.0,1.0,2.0,0.0,0.0,0.0,0.0,3.0,2.0,2.0,3.0,2.0,1.0,0.0,2.0,1.0,3.0,3.0,2.0,4.0,1.0,3.0,2.0,2.0,4.0,2.0,1.0,3.0,1.0,0.0,3.0,0.0,1.0,5.0,1.0,3.0,0.0,3.0,0.0,0.0,0.0,1.0,2.0,0.0,3.0,0.0,0.0,0.0,5.0
338,1.0,1.0,1.0,0.0,0.0,0.0,0.0,2.0,2.0,8.0,2.0,0.0,2.0,0.0,1.0,1.0,4.0,6.0,2.0,0.0,1.0,1.0,1.0,2.0,3.0,2.0,2.0,2.0,1.0,0.0,2.0,0.0,0.0,6.0,1.0,4.0,0.0,4.0,0.0,0.0,0.0,0.0,2.0,0.0,3.0,0.0,0.0,0.0,5.0
339,3.0,4.0,0.0,0.0,0.0,0.0,0.0,1.0,2.0,5.0,1.0,0.0,1.0,0.0,1.0,0.0,3.0,5.0,0.0,0.0,0.0,1.0,0.0,0.0,5.0,3.0,0.0,4.0,0.0,0.0,3.0,0.0,1.0,7.0,1.0,2.0,0.0,2.0,0.0,1.0,1.0,2.0,3.0,0.0,3.0,0.0,0.0,0.0,5.0
340,0.0,1.0,0.0,0.0,0.0,0.0,0.0,1.0,0.0,7.0,0.0,0.0,0.0,0.0,1.0,0.0,1.0,4.0,3.0,2.0,0.0,2.0,0.0,3.0,2.0,6.0,3.0,1.0,3.0,0.0,1.0,0.0,1.0,3.0,2.0,1.0,2.0,2.0,0.0,0.0,0.0,0.0,0.0,0.0,0.0,0.0,0.0,0.0,5.0
341,1.0,4.0,1.0,0.0,0.0,0.0,0.0,2.0,2.0,2.0,1.0,0.0,1.0,0.0,1.0,0.0,3.0,5.0,0.0,2.0,0.0,2.0,0.0,0.0,4.0,2.0,0.0,1.0,0.0,0.0,2.0,0.0,2.0,5.0,1.0,1.0,0.0,1.0,0.0,1.0,1.0,1.0,2.0,0.0,3.0,0.0,0.0,0.0,5.0
342,1.0,1.0,0.0,0.0,0.0,0.0,0.0,1.0,1.0,9.0,2.0,1.0,1.0,0.0,2.0,1.0,2.0,7.0,5.0,2.0,1.0,1.0,1.0,3.0,5.0,3.0,0.0,3.0,0.0,0.0,3.0,0.0,0.0,3.0,0.0,2.0,0.0,3.0,0.0,0.0,0.0,2.0,2.0,0.0,3.0,0.0,0.0,0.0,5.0
343,0.0,1.0,2.0,0.0,0.0,0.0,0.0,3.0,1.0,8.0,4.0,0.0,3.0,0.0,1.0,1.0,5.0,2.0,4.0,1.0,0.0,0.0,0.0,3.0,4.0,2.0,1.0,2.0,0.0,0.0,2.0,0.0,1.0,5.0,0.0,1.0,0.0,2.0,0.0,0.0,0.0,1.0,1.0,0.0,2.0,0.0,0.0,0.0,5.0
344,0.0,1.0,2.0,0.0,0.0,0.0,0.0,3.0,2.0,9.0,3.0,0.0,2.0,0.0,1.0,2.0,4.0,3.0,5.0,1.0,1.0,0.0,0.0,3.0,3.0,2.0,1.0,2.0,0.0,0.0,2.0,0.0,1.0,5.0,2.0,3.0,1.0,3.0,0.0,0.0,0.0,0.0,2.0,0.0,3.0,0.0,0.0,0.0,5.0
345,2.0,3.0,0.0,0.0,0.0,0.0,0.0,1.0,1.0,6.0,2.0,0.0,2.0,0.0,1.0,0.0,2.0,6.0,1.0,1.0,0.0,1.0,0.0,1.0,5.0,4.0,1.0,2.0,0.0,0.0,2.0,1.0,3.0,6.0,2.0,1.0,0.0,1.0,0.0,2.0,1.0,1.0,3.0,0.0,3.0,0.0,0.0,0.0,5.0
346,0.0,0.0,0.0,0.0,0.0,0.0,0.0,0.0,1.0,5.0,1.0,0.0,0.0,0.0,1.0,2.0,2.0,5.0,4.0,3.0,1.0,2.0,0.0,2.0,0.0,4.0,2.0,0.0,3.0,0.0,0.0,0.0,3.0,6.0,3.0,0.0,2.0,1.0,0.0,1.0,0.0,0.0,0.0,0.0,0.0,0.0,0.0,0.0,5.0
347,0.0,2.0,3.0,0.0,0.0,0.0,0.0,4.0,2.0,2.0,2.0,0.0,2.0,0.0,1.0,0.0,3.0,4.0,1.0,4.0,0.0,3.0,0.0,0.0,1.0,2.0,0.0,3.0,0.0,0.0,4.0,0.0,3.0,3.0,0.0,0.0,0.0,1.0,0.0,0.0,0.0,3.0,2.0,0.0,3.0,0.0,0.0,0.0,5.0
348,1.0,2.0,1.0,0.0,0.0,0.0,0.0,2.0,3.0,5.0,1.0,0.0,0.0,0.0,1.0,1.0,5.0,3.0,1.0,3.0,0.0,2.0,1.0,1.0,2.0,4.0,0.0,1.0,1.0,0.0,2.0,0.0,1.0,7.0,2.0,2.0,0.0,2.0,0.0,1.0,1.0,0.0,1.0,0.0,2.0,0.0,0.0,0.0,5.0
349,1.0,3.0,3.0,0.0,0.0,0.0,0.0,3.0,1.0,2.0,0.0,2.0,0.0,0.0,3.0,0.0,6.0,6.0,0.0,2.0,0.0,2.0,0.0,0.0,2.0,4.0,0.0,2.0,1.0,1.0,2.0,0.0,1.0,8.0,2.0,0.0,0.0,1.0,0.0,2.0,0.0,2.0,2.0,0.0,3.0,0.0,0.0,0.0,5.0
350,3.0,5.0,2.0,1.0,0.0,0.0,1.0,2.0,2.0,2.0,0.0,0.0,1.0,0.0,1.0,0.0,3.0,3.0,5.0,2.0,3.0,2.0,0.0,1.0,9.0,1.0,2.0,1.0,1.0,0.0,0.0,1.0,2.0,6.0,0.0,3.0,0.0,2.0,1.0,0.0,0.0,1.0,4.0,0.0,4.0,0.0,0.0,0.0,5.0
351,2.0,1.0,1.0,0.0,0.0,0.0,0.0,2.0,2.0,12.0,0.0,0.0,1.0,0.0,1.0,0.0,3.0,5.0,3.0,0.0,1.0,1.0,1.0,3.0,3.0,1.0,2.0,5.0,1.0,1.0,3.0,1.0,1.0,10.0,0.0,3.0,0.0,3.0,0.0,0.0,1.0,1.0,3.0,0.0,3.0,0.0,0.0,0.0,5.0
352,1.0,1.0,2.0,0.0,0.0,0.0,0.0,3.0,2.0,8.0,2.0,0.0,2.0,0.0,1.0,0.0,3.0,6.0,1.0,1.0,0.0,2.0,1.0,2.0,3.0,3.0,1.0,4.0,0.0,1.0,3.0,0.0,0.0,5.0,0.0,2.0,0.0,3.0,0.0,0.0,1.0,2.0,1.0,0.0,2.0,0.0,0.0,0.0,5.0
353,0.0,1.0,2.0,0.0,0.0,0.0,0.0,3.0,1.0,5.0,3.0,0.0,3.0,0.0,1.0,1.0,4.0,2.0,7.0,1.0,3.0,1.0,0.0,4.0,6.0,0.0,1.0,4.0,0.0,1.0,2.0,1.0,1.0,6.0,0.0,1.0,0.0,2.0,0.0,0.0,0.0,1.0,2.0,0.0,3.0,0.0,0.0,0.0,5.0
354,0.0,3.0,2.0,0.0,0.0,0.0,0.0,3.0,1.0,6.0,4.0,1.0,2.0,0.0,2.0,2.0,5.0,4.0,3.0,5.0,0.0,2.0,0.0,0.0,1.0,0.0,0.0,2.0,1.0,0.0,3.0,0.0,2.0,5.0,0.0,1.0,0.0,2.0,0.0,0.0,1.0,1.0,1.0,0.0,2.0,0.0,0.0,0.0,5.0
355,1.0,1.0,2.0,0.0,0.0,0.0,0.0,3.0,1.0,8.0,2.0,0.0,2.0,0.0,1.0,0.0,2.0,4.0,4.0,3.0,0.0,2.0,0.0,3.0,3.0,1.0,0.0,4.0,0.0,0.0,4.0,0.0,1.0,4.0,0.0,3.0,0.0,3.0,0.0,0.0,1.0,1.0,2.0,0.0,3.0,0.0,0.0,0.0,5.0
356,0.0,2.0,1.0,0.0,0.0,0.0,0.0,2.0,2.0,7.0,1.0,0.0,0.0,0.0,1.0,1.0,1.0,7.0,4.0,4.0,0.0,2.0,0.0,3.0,2.0,3.0,1.0,1.0,2.0,0.0,2.0,0.0,0.0,4.0,0.0,2.0,0.0,3.0,0.0,0.0,2.0,1.0,0.0,0.0,1.0,0.0,0.0,0.0,5.0
357,0.0,3.0,2.0,0.0,0.0,0.0,0.0,3.0,2.0,1.0,0.0,0.0,0.0,0.0,1.0,0.0,4.0,4.0,2.0,2.0,2.0,2.0,0.0,0.0,1.0,3.0,0.0,7.0,0.0,2.0,5.0,0.0,1.0,2.0,0.0,0.0,0.0,1.0,0.0,1.0,2.0,4.0,5.0,0.0,4.0,0.0,0.0,1.0,5.0
358,2.0,3.0,3.0,0.0,0.0,0.0,0.0,3.0,2.0,7.0,1.0,0.0,2.0,0.0,1.0,0.0,4.0,5.0,1.0,2.0,1.0,2.0,0.0,0.0,3.0,1.0,0.0,4.0,0.0,0.0,4.0,0.0,0.0,5.0,1.0,2.0,0.0,3.0,0.0,1.0,2.0,3.0,1.0,0.0,2.0,0.0,0.0,0.0,5.0
359,0.0,1.0,0.0,0.0,0.0,0.0,0.0,1.0,1.0,6.0,1.0,0.0,0.0,0.0,1.0,1.0,2.0,1.0,4.0,2.0,0.0,1.0,0.0,3.0,1.0,6.0,1.0,1.0,2.0,0.0,2.0,0.0,0.0,5.0,0.0,1.0,0.0,2.0,0.0,0.0,1.0,0.0,0.0,0.0,1.0,0.0,0.0,0.0,5.0
360,1.0,1.0,2.0,0.0,0.0,0.0,0.0,3.0,0.0,4.0,0.0,3.0,0.0,0.0,4.0,0.0,5.0,6.0,3.0,2.0,2.0,1.0,0.0,1.0,1.0,4.0,0.0,0.0,1.0,1.0,1.0,0.0,2.0,7.0,1.0,3.0,0.0,2.0,1.0,1.0,2.0,1.0,1.0,0.0,2.0,0.0,0.0,0.0,5.0
361,0.0,4.0,1.0,0.0,0.0,0.0,0.0,2.0,1.0,6.0,0.0,1.0,0.0,0.0,2.0,0.0,4.0,9.0,3.0,1.0,1.0,1.0,0.0,1.0,1.0,0.0,0.0,2.0,1.0,0.0,3.0,0.0,1.0,3.0,0.0,1.0,0.0,2.0,0.0,0.0,1.0,1.0,1.0,0.0,2.0,0.0,0.0,0.0,5.0
362,1.0,1.0,1.0,0.0,0.0,0.0,0.0,2.0,2.0,5.0,3.0,1.0,1.0,0.0,2.0,2.0,3.0,5.0,5.0,1.0,0.0,0.0,0.0,3.0,2.0,2.0,0.0,1.0,1.0,0.0,2.0,0.0,2.0,5.0,1.0,1.0,1.0,2.0,0.0,0.0,0.0,0.0,2.0,0.0,3.0,0.0,0.0,0.0,5.0
363,0.0,3.0,2.0,0.0,0.0,0.0,0.0,3.0,1.0,9.0,3.0,0.0,2.0,0.0,1.0,1.0,1.0,8.0,2.0,3.0,0.0,3.0,0.0,1.0,3.0,2.0,0.0,3.0,0.0,0.0,3.0,0.0,1.0,13.0,0.0,1.0,0.0,2.0,0.0,1.0,1.0,2.0,3.0,0.0,3.0,0.0,0.0,0.0,5.0
364,4.0,3.0,2.0,0.0,0.0,0.0,0.0,2.0,2.0,0.0,0.0,0.0,1.0,0.0,1.0,0.0,4.0,4.0,2.0,0.0,1.0,1.0,1.0,2.0,6.0,3.0,1.0,3.0,0.0,0.0,2.0,1.0,0.0,3.0,0.0,5.0,0.0,4.0,1.0,0.0,1.0,3.0,3.0,0.0,3.0,0.0,0.0,0.0,5.0
365,0.0,0.0,0.0,0.0,0.0,0.0,0.0,1.0,2.0,3.0,4.0,0.0,1.0,0.0,1.0,3.0,2.0,13.0,2.0,0.0,0.0,1.0,0.0,3.0,2.0,2.0,1.0,1.0,2.0,0.0,2.0,0.0,1.0,3.0,2.0,2.0,2.0,3.0,0.0,0.0,0.0,1.0,1.0,0.0,2.0,0.0,0.0,0.0,5.0
366,2.0,4.0,1.0,0.0,0.0,0.0,0.0,2.0,2.0,7.0,1.0,0.0,1.0,0.0,1.0,0.0,4.0,7.0,0.0,1.0,0.0,1.0,0.0,0.0,3.0,1.0,0.0,4.0,0.0,0.0,4.0,0.0,0.0,9.0,2.0,1.0,0.0,2.0,0.0,2.0,1.0,1.0,2.0,0.0,3.0,0.0,0.0,0.0,5.0
367,0.0,1.0,2.0,0.0,0.0,0.0,0.0,3.0,2.0,8.0,3.0,0.0,2.0,0.0,1.0,1.0,3.0,5.0,4.0,3.0,1.0,1.0,0.0,2.0,1.0,0.0,0.0,1.0,0.0,0.0,2.0,0.0,1.0,4.0,0.0,2.0,0.0,3.0,0.0,0.0,3.0,2.0,0.0,0.0,1.0,0.0,0.0,0.0,5.0
368,0.0,1.0,1.0,0.0,0.0,0.0,0.0,2.0,2.0,7.0,3.0,1.0,1.0,0.0,2.0,2.0,3.0,5.0,2.0,2.0,0.0,2.0,1.0,2.0,1.0,1.0,1.0,2.0,2.0,0.0,3.0,0.0,1.0,4.0,0.0,2.0,0.0,3.0,0.0,0.0,1.0,1.0,2.0,0.0,3.0,0.0,0.0,0.0,5.0
369,1.0,4.0,2.0,0.0,0.0,0.0,0.0,2.0,1.0,2.0,0.0,2.0,0.0,0.0,2.0,0.0,6.0,3.0,3.0,2.0,2.0,2.0,0.0,1.0,3.0,3.0,3.0,2.0,2.0,0.0,2.0,1.0,1.0,3.0,1.0,2.0,0.0,2.0,1.0,2.0,1.0,0.0,4.0,0.0,4.0,0.0,0.0,0.0,5.0
370,1.0,1.0,1.0,0.0,0.0,0.0,0.0,2.0,1.0,7.0,1.0,0.0,1.0,0.0,1.0,0.0,4.0,0.0,0.0,2.0,0.0,2.0,0.0,0.0,2.0,3.0,0.0,0.0,1.0,0.0,1.0,0.0,2.0,4.0,5.0,0.0,3.0,1.0,0.0,2.0,1.0,0.0,0.0,0.0,1.0,0.0,0.0,0.0,5.0
371,1.0,1.0,2.0,0.0,0.0,0.0,0.0,3.0,2.0,5.0,1.0,0.0,0.0,0.0,1.0,1.0,3.0,4.0,2.0,1.0,0.0,1.0,0.0,1.0,2.0,4.0,0.0,1.0,1.0,0.0,2.0,0.0,2.0,11.0,2.0,0.0,1.0,1.0,0.0,1.0,1.0,0.0,1.0,0.0,2.0,0.0,0.0,0.0,5.0
372,0.0,0.0,2.0,0.0,0.0,0.0,0.0,3.0,2.0,5.0,1.0,1.0,0.0,0.0,2.0,1.0,3.0,3.0,1.0,2.0,0.0,2.0,1.0,2.0,2.0,0.0,0.0,1.0,1.0,0.0,2.0,0.0,1.0,4.0,1.0,3.0,0.0,3.0,0.0,0.0,2.0,0.0,1.0,0.0,2.0,0.0,0.0,0.0,5.0
373,0.0,3.0,1.0,0.0,0.0,0.0,0.0,2.0,1.0,7.0,1.0,0.0,1.0,0.0,1.0,0.0,3.0,3.0,3.0,3.0,1.0,2.0,0.0,1.0,1.0,2.0,0.0,1.0,1.0,0.0,2.0,0.0,1.0,6.0,0.0,0.0,0.0,1.0,0.0,0.0,1.0,1.0,0.0,0.0,1.0,0.0,0.0,0.0,5.0
374,1.0,3.0,1.0,1.0,0.0,0.0,1.0,2.0,1.0,4.0,0.0,1.0,0.0,0.0,2.0,0.0,1.0,1.0,3.0,5.0,0.0,4.0,0.0,1.0,3.0,4.0,1.0,2.0,1.0,0.0,2.0,0.0,1.0,4.0,3.0,1.0,1.0,2.0,0.0,2.0,0.0,0.0,2.0,0.0,3.0,0.0,0.0,0.0,5.0
375,0.0,2.0,1.0,0.0,0.0,0.0,0.0,2.0,2.0,6.0,1.0,0.0,0.0,0.0,1.0,1.0,5.0,3.0,1.0,2.0,0.0,2.0,1.0,2.0,3.0,2.0,0.0,1.0,1.0,0.0,2.0,0.0,1.0,5.0,0.0,1.0,0.0,2.0,0.0,0.0,0.0,0.0,1.0,0.0,2.0,0.0,0.0,0.0,5.0
376,3.0,3.0,1.0,0.0,0.0,0.0,0.0,1.0,2.0,8.0,0.0,0.0,1.0,0.0,1.0,0.0,4.0,2.0,1.0,0.0,1.0,1.0,0.0,0.0,5.0,0.0,1.0,4.0,0.0,1.0,2.0,1.0,2.0,8.0,1.0,1.0,0.0,1.0,1.0,2.0,1.0,1.0,3.0,0.0,3.0,0.0,0.0,0.0,5.0
377,3.0,1.0,1.0,0.0,0.0,0.0,0.0,2.0,2.0,3.0,1.0,0.0,1.0,0.0,2.0,1.0,3.0,3.0,5.0,0.0,2.0,0.0,0.0,3.0,4.0,2.0,1.0,3.0,1.0,0.0,2.0,0.0,1.0,5.0,0.0,1.0,0.0,2.0,0.0,0.0,0.0,0.0,2.0,0.0,3.0,0.0,0.0,0.0,5.0
378,0.0,0.0,0.0,0.0,0.0,0.0,0.0,1.0,1.0,5.0,3.0,0.0,1.0,0.0,1.0,2.0,1.0,3.0,6.0,4.0,1.0,2.0,1.0,5.0,3.0,4.0,2.0,1.0,2.0,0.0,1.0,0.0,1.0,3.0,2.0,3.0,1.0,3.0,0.0,0.0,1.0,0.0,0.0,0.0,1.0,0.0,0.0,0.0,5.0
379,3.0,3.0,1.0,0.0,0.0,0.0,0.0,1.0,2.0,1.0,1.0,0.0,2.0,0.0,1.0,0.0,3.0,4.0,0.0,1.0,0.0,1.0,1.0,1.0,4.0,3.0,2.0,3.0,1.0,0.0,3.0,1.0,1.0,2.0,1.0,3.0,0.0,3.0,0.0,0.0,1.0,1.0,1.0,0.0,2.0,0.0,0.0,0.0,5.0
380,0.0,1.0,1.0,0.0,0.0,0.0,0.0,2.0,2.0,8.0,2.0,0.0,1.0,0.0,1.0,1.0,1.0,4.0,6.0,3.0,1.0,2.0,1.0,5.0,3.0,2.0,0.0,1.0,1.0,0.0,2.0,0.0,1.0,3.0,2.0,3.0,1.0,3.0,0.0,0.0,0.0,0.0,0.0,0.0,1.0,0.0,0.0,0.0,5.0
381,2.0,6.0,3.0,1.0,1.0,1.0,0.0,2.0,2.0,6.0,0.0,0.0,1.0,0.0,1.0,0.0,4.0,2.0,3.0,3.0,2.0,3.0,0.0,0.0,3.0,2.0,0.0,6.0,0.0,1.0,4.0,0.0,1.0,7.0,0.0,1.0,0.0,2.0,0.0,1.0,2.0,6.0,2.0,0.0,2.0,0.0,0.0,0.0,5.0
382,0.0,0.0,0.0,0.0,0.0,0.0,0.0,0.0,1.0,4.0,1.0,0.0,0.0,0.0,1.0,2.0,3.0,5.0,4.0,1.0,0.0,1.0,1.0,5.0,2.0,5.0,3.0,1.0,3.0,0.0,1.0,0.0,0.0,3.0,1.0,2.0,1.0,3.0,0.0,0.0,0.0,0.0,0.0,0.0,1.0,0.0,0.0,0.0,5.0
383,0.0,2.0,1.0,0.0,0.0,0.0,0.0,2.0,2.0,5.0,1.0,0.0,0.0,0.0,1.0,1.0,4.0,3.0,1.0,3.0,0.0,3.0,1.0,2.0,3.0,6.0,1.0,2.0,2.0,1.0,3.0,0.0,0.0,4.0,1.0,2.0,1.0,3.0,0.0,0.0,0.0,0.0,0.0,0.0,1.0,0.0,0.0,0.0,5.0
384,0.0,0.0,0.0,0.0,0.0,0.0,0.0,1.0,2.0,6.0,2.0,0.0,0.0,0.0,1.0,2.0,4.0,5.0,3.0,3.0,0.0,2.0,1.0,3.0,2.0,5.0,1.0,0.0,2.0,0.0,1.0,0.0,2.0,3.0,2.0,0.0,2.0,1.0,0.0,0.0,0.0,0.0,0.0,0.0,1.0,0.0,0.0,0.0,5.0
385,1.0,4.0,1.0,1.0,0.0,1.0,0.0,2.0,1.0,7.0,1.0,0.0,2.0,0.0,1.0,0.0,5.0,1.0,1.0,4.0,0.0,2.0,1.0,1.0,0.0,1.0,0.0,2.0,0.0,0.0,3.0,0.0,1.0,2.0,0.0,0.0,0.0,1.0,0.0,1.0,3.0,3.0,1.0,1.0,1.0,0.0,0.0,0.0,5.0
386,0.0,1.0,1.0,0.0,0.0,0.0,0.0,2.0,2.0,7.0,5.0,0.0,2.0,0.0,1.0,3.0,5.0,4.0,1.0,2.0,0.0,2.0,1.0,2.0,4.0,1.0,0.0,0.0,1.0,0.0,1.0,0.0,2.0,4.0,2.0,2.0,1.0,2.0,0.0,0.0,0.0,0.0,1.0,0.0,2.0,0.0,0.0,0.0,5.0
387,0.0,1.0,2.0,0.0,0.0,0.0,0.0,3.0,2.0,5.0,4.0,0.0,2.0,0.0,1.0,2.0,3.0,5.0,1.0,1.0,0.0,2.0,1.0,3.0,4.0,0.0,0.0,2.0,0.0,0.0,2.0,0.0,1.0,2.0,2.0,3.0,1.0,3.0,0.0,0.0,0.0,0.0,2.0,0.0,3.0,0.0,0.0,0.0,5.0
388,0.0,0.0,3.0,0.0,0.0,0.0,0.0,4.0,1.0,2.0,2.0,0.0,3.0,0.0,1.0,0.0,3.0,1.0,0.0,3.0,0.0,3.0,0.0,0.0,2.0,1.0,1.0,3.0,0.0,0.0,3.0,0.0,1.0,4.0,1.0,1.0,0.0,2.0,0.0,1.0,0.0,0.0,2.0,0.0,3.0,0.0,0.0,0.0,5.0
389,2.0,5.0,1.0,0.0,0.0,0.0,0.0,2.0,0.0,6.0,2.0,1.0,2.0,0.0,2.0,0.0,3.0,6.0,1.0,2.0,1.0,2.0,0.0,1.0,4.0,5.0,3.0,3.0,1.0,0.0,2.0,0.0,3.0,7.0,0.0,0.0,0.0,1.0,0.0,0.0,1.0,2.0,2.0,0.0,3.0,0.0,0.0,0.0,5.0
390,1.0,5.0,3.0,0.0,0.0,0.0,0.0,3.0,1.0,1.0,0.0,2.0,0.0,0.0,3.0,0.0,3.0,4.0,3.0,5.0,1.0,3.0,1.0,0.0,4.0,0.0,1.0,5.0,0.0,1.0,3.0,0.0,1.0,2.0,0.0,3.0,0.0,3.0,0.0,0.0,2.0,5.0,2.0,0.0,2.0,0.0,0.0,0.0,5.0
391,0.0,3.0,1.0,0.0,0.0,0.0,0.0,2.0,1.0,6.0,1.0,1.0,0.0,0.0,2.0,1.0,5.0,1.0,1.0,4.0,0.0,2.0,1.0,0.0,0.0,7.0,0.0,0.0,1.0,0.0,1.0,0.0,4.0,4.0,2.0,2.0,1.0,2.0,1.0,1.0,2.0,0.0,0.0,0.0,1.0,0.0,0.0,0.0,5.0
392,1.0,3.0,2.0,0.0,0.0,0.0,0.0,3.0,2.0,8.0,1.0,0.0,1.0,0.0,1.0,0.0,3.0,6.0,6.0,1.0,2.0,0.0,1.0,4.0,4.0,3.0,1.0,5.0,0.0,1.0,3.0,0.0,1.0,7.0,0.0,1.0,0.0,2.0,0.0,0.0,0.0,3.0,2.0,0.0,3.0,0.0,0.0,0.0,5.0
393,0.0,2.0,2.0,0.0,0.0,0.0,0.0,3.0,3.0,5.0,1.0,0.0,0.0,0.0,1.0,1.0,2.0,6.0,1.0,4.0,0.0,4.0,2.0,2.0,1.0,4.0,0.0,3.0,1.0,0.0,4.0,0.0,0.0,4.0,0.0,4.0,0.0,4.0,0.0,0.0,2.0,2.0,2.0,0.0,2.0,0.0,0.0,0.0,5.0
394,1.0,1.0,3.0,0.0,0.0,0.0,0.0,4.0,2.0,11.0,0.0,1.0,1.0,0.0,2.0,0.0,4.0,4.0,5.0,1.0,2.0,0.0,1.0,2.0,2.0,0.0,0.0,7.0,0.0,2.0,4.0,0.0,1.0,5.0,0.0,2.0,0.0,3.0,0.0,0.0,1.0,3.0,2.0,0.0,3.0,0.0,0.0,0.0,5.0
395,1.0,3.0,0.0,0.0,0.0,0.0,0.0,1.0,0.0,7.0,3.0,0.0,2.0,0.0,1.0,1.0,5.0,3.0,2.0,2.0,0.0,1.0,0.0,1.0,2.0,2.0,0.0,1.0,1.0,0.0,2.0,0.0,2.0,5.0,4.0,1.0,1.0,1.0,1.0,3.0,2.0,0.0,1.0,0.0,2.0,0.0,0.0,0.0,5.0
396,2.0,2.0,5.0,0.0,2.0,0.0,0.0,3.0,1.0,2.0,0.0,0.0,1.0,0.0,1.0,0.0,3.0,2.0,0.0,5.0,0.0,4.0,1.0,0.0,0.0,2.0,0.0,2.0,0.0,0.0,3.0,0.0,1.0,3.0,0.0,1.0,0.0,2.0,0.0,0.0,1.0,4.0,2.0,0.0,2.0,0.0,0.0,0.0,5.0
397,1.0,2.0,3.0,0.0,0.0,0.0,0.0,3.0,2.0,4.0,2.0,0.0,2.0,0.0,1.0,1.0,5.0,7.0,0.0,0.0,0.0,1.0,1.0,1.0,3.0,1.0,1.0,5.0,0.0,1.0,3.0,1.0,1.0,4.0,0.0,2.0,0.0,3.0,0.0,0.0,0.0,1.0,3.0,0.0,4.0,0.0,0.0,0.0,5.0
398,0.0,5.0,2.0,0.0,0.0,0.0,0.0,3.0,2.0,2.0,0.0,0.0,1.0,0.0,1.0,0.0,4.0,9.0,1.0,2.0,1.0,1.0,1.0,0.0,1.0,5.0,0.0,5.0,0.0,1.0,4.0,0.0,0.0,0.0,0.0,0.0,0.0,1.0,0.0,1.0,3.0,7.0,3.0,0.0,2.0,0.0,0.0,1.0,5.0
399,0.0,2.0,2.0,0.0,0.0,0.0,0.0,3.0,0.0,5.0,1.0,2.0,1.0,0.0,3.0,0.0,3.0,2.0,2.0,5.0,1.0,3.0,1.0,1.0,0.0,2.0,0.0,1.0,0.0,0.0,2.0,0.0,0.0,1.0,1.0,0.0,0.0,2.0,0.0,2.0,1.0,1.0,2.0,0.0,3.0,0.0,0.0,0.0,5.0
400,1.0,3.0,2.0,0.0,0.0,0.0,0.0,3.0,2.0,4.0,0.0,1.0,0.0,0.0,2.0,0.0,5.0,1.0,5.0,2.0,1.0,0.0,1.0,2.0,4.0,3.0,0.0,4.0,1.0,2.0,3.0,0.0,0.0,5.0,0.0,4.0,0.0,4.0,0.0,0.0,1.0,1.0,3.0,0.0,3.0,0.0,0.0,0.0,5.0
401,1.0,2.0,2.0,0.0,0.0,0.0,0.0,3.0,2.0,6.0,2.0,0.0,2.0,0.0,1.0,0.0,2.0,5.0,2.0,0.0,1.0,1.0,0.0,1.0,5.0,0.0,1.0,4.0,0.0,1.0,2.0,1.0,1.0,5.0,0.0,2.0,0.0,3.0,0.0,0.0,0.0,1.0,3.0,0.0,4.0,0.0,0.0,0.0,5.0
402,0.0,1.0,2.0,0.0,0.0,0.0,0.0,3.0,2.0,4.0,0.0,0.0,0.0,0.0,1.0,0.0,3.0,1.0,3.0,4.0,1.0,3.0,0.0,1.0,0.0,0.0,0.0,0.0,0.0,0.0,1.0,0.0,1.0,5.0,3.0,0.0,0.0,1.0,0.0,3.0,2.0,0.0,1.0,0.0,2.0,0.0,0.0,0.0,5.0
403,3.0,2.0,2.0,0.0,0.0,0.0,0.0,2.0,1.0,4.0,1.0,1.0,2.0,0.0,2.0,0.0,2.0,5.0,3.0,0.0,1.0,1.0,1.0,3.0,5.0,3.0,1.0,3.0,0.0,0.0,2.0,1.0,2.0,5.0,0.0,1.0,0.0,2.0,0.0,0.0,0.0,1.0,3.0,0.0,4.0,0.0,0.0,0.0,5.0
404,1.0,0.0,3.0,0.0,0.0,0.0,0.0,4.0,1.0,2.0,1.0,3.0,1.0,0.0,3.0,0.0,1.0,5.0,1.0,5.0,0.0,4.0,1.0,2.0,2.0,1.0,0.0,2.0,0.0,0.0,3.0,0.0,0.0,4.0,0.0,2.0,0.0,3.0,0.0,0.0,0.0,1.0,2.0,0.0,3.0,0.0,0.0,0.0,5.0
405,0.0,1.0,2.0,0.0,0.0,0.0,0.0,3.0,3.0,7.0,3.0,0.0,1.0,0.0,1.0,2.0,1.0,5.0,5.0,2.0,0.0,1.0,1.0,4.0,3.0,0.0,0.0,5.0,0.0,0.0,4.0,0.0,0.0,4.0,0.0,3.0,0.0,4.0,0.0,0.0,1.0,2.0,2.0,0.0,3.0,0.0,0.0,0.0,5.0
406,2.0,1.0,2.0,0.0,0.0,0.0,0.0,3.0,1.0,4.0,3.0,3.0,2.0,0.0,2.0,0.0,3.0,6.0,2.0,1.0,1.0,1.0,2.0,2.0,7.0,0.0,1.0,3.0,0.0,1.0,1.0,1.0,0.0,6.0,0.0,3.0,0.0,4.0,0.0,0.0,0.0,2.0,2.0,0.0,3.0,0.0,0.0,0.0,5.0
407,2.0,2.0,2.0,0.0,0.0,0.0,0.0,3.0,0.0,4.0,2.0,2.0,2.0,0.0,3.0,0.0,6.0,3.0,3.0,1.0,2.0,0.0,1.0,0.0,6.0,1.0,2.0,2.0,1.0,0.0,1.0,1.0,2.0,4.0,0.0,1.0,0.0,2.0,0.0,0.0,0.0,1.0,3.0,0.0,4.0,0.0,0.0,0.0,5.0
408,1.0,1.0,4.0,0.0,0.0,0.0,0.0,4.0,2.0,3.0,1.0,0.0,2.0,0.0,1.0,0.0,4.0,1.0,2.0,4.0,0.0,2.0,0.0,1.0,3.0,3.0,0.0,1.0,0.0,0.0,2.0,0.0,1.0,3.0,0.0,1.0,0.0,2.0,0.0,0.0,0.0,1.0,2.0,0.0,3.0,0.0,0.0,0.0,5.0
409,1.0,4.0,1.0,0.0,0.0,0.0,0.0,2.0,1.0,6.0,0.0,1.0,0.0,0.0,2.0,0.0,5.0,0.0,4.0,2.0,2.0,1.0,0.0,0.0,3.0,2.0,1.0,4.0,0.0,1.0,3.0,1.0,2.0,6.0,2.0,2.0,1.0,2.0,1.0,2.0,0.0,1.0,3.0,0.0,4.0,0.0,0.0,0.0,5.0
410,0.0,2.0,0.0,0.0,0.0,0.0,0.0,1.0,2.0,6.0,2.0,0.0,0.0,0.0,1.0,2.0,3.0,4.0,5.0,2.0,0.0,0.0,0.0,3.0,2.0,6.0,1.0,1.0,2.0,0.0,2.0,0.0,0.0,3.0,0.0,2.0,0.0,3.0,0.0,0.0,0.0,0.0,1.0,0.0,2.0,0.0,0.0,0.0,5.0
411,2.0,2.0,0.0,0.0,0.0,0.0,0.0,1.0,1.0,4.0,3.0,0.0,2.0,0.0,1.0,1.0,2.0,3.0,2.0,1.0,1.0,1.0,1.0,2.0,3.0,0.0,0.0,2.0,0.0,0.0,3.0,0.0,4.0,3.0,1.0,1.0,0.0,1.0,0.0,1.0,1.0,0.0,2.0,0.0,3.0,0.0,0.0,0.0,5.0
412,0.0,2.0,0.0,0.0,0.0,0.0,0.0,1.0,2.0,6.0,3.0,0.0,1.0,0.0,1.0,2.0,5.0,3.0,4.0,5.0,0.0,0.0,0.0,1.0,1.0,2.0,0.0,1.0,1.0,0.0,2.0,0.0,0.0,5.0,0.0,1.0,0.0,2.0,0.0,0.0,0.0,0.0,0.0,0.0,1.0,0.0,0.0,0.0,5.0
413,3.0,5.0,0.0,0.0,0.0,0.0,0.0,1.0,2.0,3.0,3.0,0.0,2.0,0.0,1.0,1.0,3.0,10.0,1.0,2.0,1.0,2.0,1.0,1.0,3.0,2.0,2.0,5.0,1.0,1.0,3.0,1.0,0.0,6.0,0.0,2.0,0.0,3.0,0.0,0.0,1.0,4.0,1.0,0.0,2.0,0.0,0.0,0.0,5.0
414,1.0,1.0,1.0,1.0,0.0,0.0,1.0,2.0,2.0,6.0,1.0,1.0,0.0,0.0,2.0,1.0,4.0,5.0,2.0,4.0,0.0,2.0,1.0,1.0,1.0,2.0,0.0,0.0,1.0,0.0,1.0,0.0,3.0,4.0,2.0,1.0,1.0,2.0,0.0,1.0,2.0,0.0,0.0,0.0,1.0,0.0,0.0,0.0,5.0
415,1.0,3.0,3.0,2.0,0.0,1.0,1.0,3.0,3.0,7.0,1.0,0.0,1.0,0.0,1.0,1.0,4.0,3.0,1.0,1.0,1.0,2.0,0.0,0.0,3.0,0.0,0.0,7.0,0.0,2.0,4.0,0.0,3.0,9.0,0.0,1.0,0.0,1.0,0.0,0.0,1.0,3.0,3.0,0.0,3.0,0.0,0.0,0.0,5.0
416,1.0,0.0,4.0,0.0,0.0,0.0,0.0,4.0,0.0,4.0,1.0,3.0,2.0,1.0,3.0,0.0,5.0,1.0,0.0,4.0,0.0,3.0,1.0,0.0,1.0,1.0,0.0,1.0,0.0,0.0,2.0,0.0,0.0,8.0,1.0,3.0,0.0,3.0,0.0,1.0,1.0,1.0,1.0,0.0,2.0,0.0,0.0,0.0,5.0
417,1.0,3.0,2.0,0.0,0.0,0.0,0.0,2.0,1.0,8.0,4.0,0.0,3.0,0.0,1.0,2.0,6.0,3.0,4.0,2.0,0.0,1.0,0.0,2.0,2.0,2.0,2.0,6.0,1.0,1.0,4.0,1.0,0.0,6.0,0.0,4.0,0.0,4.0,0.0,0.0,0.0,2.0,2.0,0.0,3.0,0.0,0.0,0.0,5.0
418,3.0,2.0,2.0,1.0,0.0,1.0,0.0,2.0,1.0,4.0,1.0,1.0,2.0,1.0,1.0,0.0,6.0,2.0,3.0,2.0,1.0,1.0,0.0,1.0,1.0,1.0,0.0,3.0,0.0,0.0,3.0,0.0,1.0,3.0,0.0,3.0,0.0,3.0,0.0,0.0,1.0,1.0,3.0,0.0,3.0,0.0,0.0,0.0,5.0
419,1.0,4.0,1.0,2.0,0.0,1.0,1.0,2.0,2.0,5.0,2.0,0.0,1.0,0.0,1.0,1.0,6.0,2.0,3.0,1.0,1.0,0.0,0.0,0.0,1.0,3.0,0.0,6.0,0.0,1.0,5.0,0.0,1.0,16.0,0.0,0.0,1.0,2.0,0.0,1.0,2.0,8.0,2.0,1.0,2.0,1.0,0.0,0.0,5.0
420,1.0,4.0,2.0,0.0,0.0,0.0,0.0,3.0,1.0,3.0,0.0,2.0,0.0,0.0,3.0,0.0,6.0,6.0,3.0,1.0,2.0,1.0,0.0,1.0,4.0,5.0,1.0,5.0,0.0,1.0,3.0,1.0,1.0,7.0,0.0,3.0,0.0,3.0,0.0,0.0,1.0,5.0,3.0,0.0,3.0,0.0,0.0,0.0,5.0
421,0.0,2.0,2.0,0.0,0.0,0.0,0.0,3.0,1.0,7.0,3.0,0.0,2.0,0.0,1.0,1.0,2.0,2.0,2.0,2.0,1.0,2.0,0.0,1.0,5.0,0.0,0.0,3.0,0.0,0.0,3.0,0.0,2.0,5.0,0.0,1.0,0.0,1.0,1.0,1.0,1.0,0.0,3.0,0.0,3.0,0.0,0.0,0.0,5.0
422,3.0,4.0,2.0,1.0,0.0,0.0,1.0,2.0,1.0,4.0,2.0,0.0,3.0,0.0,1.0,0.0,5.0,2.0,1.0,1.0,1.0,2.0,0.0,0.0,5.0,1.0,0.0,5.0,0.0,1.0,3.0,0.0,2.0,7.0,0.0,2.0,0.0,2.0,0.0,0.0,0.0,3.0,4.0,0.0,4.0,0.0,0.0,0.0,5.0
423,1.0,5.0,1.0,1.0,0.0,1.0,0.0,2.0,0.0,3.0,2.0,1.0,2.0,0.0,2.0,0.0,4.0,3.0,1.0,1.0,1.0,2.0,0.0,0.0,2.0,2.0,0.0,4.0,1.0,1.0,3.0,0.0,2.0,9.0,1.0,2.0,0.0,1.0,1.0,1.0,2.0,3.0,3.0,0.0,2.0,0.0,0.0,1.0,5.0
424,1.0,4.0,1.0,2.0,0.0,1.0,1.0,2.0,2.0,5.0,2.0,0.0,1.0,0.0,1.0,1.0,5.0,5.0,2.0,1.0,2.0,1.0,0.0,0.0,3.0,4.0,0.0,5.0,0.0,1.0,4.0,0.0,2.0,10.0,0.0,2.0,0.0,1.0,2.0,1.0,3.0,6.0,3.0,0.0,2.0,0.0,0.0,1.0,5.0
425,2.0,1.0,1.0,0.0,0.0,0.0,0.0,2.0,2.0,4.0,1.0,0.0,1.0,0.0,1.0,0.0,6.0,2.0,0.0,2.0,0.0,1.0,2.0,1.0,6.0,0.0,0.0,0.0,0.0,0.0,0.0,0.0,0.0,3.0,0.0,3.0,0.0,4.0,0.0,0.0,2.0,0.0,0.0,0.0,1.0,0.0,0.0,0.0,5.0
426,0.0,0.0,2.0,0.0,0.0,0.0,0.0,3.0,1.0,6.0,0.0,0.0,0.0,0.0,1.0,0.0,4.0,5.0,6.0,1.0,1.0,0.0,0.0,5.0,4.0,5.0,1.0,1.0,1.0,0.0,1.0,0.0,1.0,5.0,1.0,1.0,1.0,2.0,0.0,0.0,0.0,1.0,0.0,0.0,1.0,0.0,0.0,0.0,5.0
427,0.0,2.0,1.0,0.0,0.0,0.0,0.0,2.0,0.0,6.0,0.0,1.0,0.0,0.0,2.0,0.0,3.0,1.0,3.0,4.0,0.0,3.0,1.0,3.0,2.0,4.0,2.0,2.0,3.0,1.0,2.0,0.0,2.0,3.0,2.0,1.0,2.0,2.0,0.0,0.0,0.0,0.0,0.0,0.0,1.0,0.0,0.0,0.0,5.0
428,0.0,0.0,0.0,0.0,0.0,0.0,0.0,1.0,0.0,6.0,0.0,1.0,0.0,0.0,2.0,0.0,3.0,8.0,6.0,2.0,0.0,0.0,0.0,3.0,4.0,4.0,2.0,0.0,2.0,0.0,0.0,0.0,0.0,5.0,0.0,1.0,0.0,2.0,0.0,0.0,0.0,0.0,0.0,0.0,1.0,0.0,0.0,0.0,5.0
429,0.0,3.0,4.0,0.0,0.0,0.0,0.0,4.0,1.0,4.0,1.0,1.0,2.0,0.0,2.0,0.0,3.0,9.0,1.0,2.0,1.0,2.0,1.0,1.0,6.0,1.0,2.0,3.0,1.0,0.0,2.0,1.0,1.0,3.0,0.0,2.0,0.0,3.0,0.0,0.0,1.0,2.0,2.0,0.0,3.0,0.0,0.0,0.0,5.0
430,0.0,2.0,0.0,0.0,0.0,0.0,0.0,1.0,1.0,6.0,1.0,0.0,0.0,0.0,1.0,1.0,5.0,5.0,5.0,3.0,1.0,0.0,1.0,3.0,3.0,5.0,2.0,1.0,2.0,0.0,1.0,0.0,0.0,4.0,1.0,1.0,1.0,2.0,0.0,0.0,0.0,0.0,0.0,0.0,1.0,0.0,0.0,0.0,5.0
431,2.0,2.0,1.0,0.0,0.0,0.0,0.0,2.0,1.0,5.0,3.0,0.0,2.0,0.0,1.0,1.0,3.0,4.0,3.0,2.0,1.0,1.0,0.0,2.0,3.0,1.0,0.0,1.0,0.0,0.0,2.0,0.0,1.0,6.0,1.0,3.0,0.0,3.0,0.0,0.0,1.0,1.0,1.0,0.0,2.0,0.0,0.0,0.0,5.0
432,1.0,3.0,3.0,0.0,0.0,0.0,0.0,3.0,1.0,5.0,1.0,0.0,2.0,0.0,1.0,0.0,2.0,4.0,0.0,4.0,0.0,3.0,1.0,0.0,1.0,0.0,0.0,4.0,0.0,0.0,4.0,0.0,3.0,4.0,0.0,2.0,0.0,1.0,1.0,0.0,1.0,1.0,3.0,0.0,3.0,0.0,0.0,0.0,5.0
433,0.0,0.0,1.0,0.0,0.0,0.0,0.0,2.0,2.0,5.0,1.0,1.0,0.0,0.0,2.0,1.0,3.0,3.0,6.0,0.0,2.0,0.0,0.0,4.0,3.0,2.0,2.0,3.0,1.0,0.0,2.0,0.0,2.0,4.0,1.0,1.0,1.0,2.0,0.0,0.0,0.0,0.0,2.0,0.0,3.0,0.0,0.0,0.0,5.0
434,0.0,0.0,1.0,0.0,0.0,0.0,0.0,2.0,2.0,3.0,2.0,2.0,0.0,0.0,3.0,2.0,3.0,2.0,6.0,2.0,1.0,0.0,0.0,4.0,3.0,6.0,1.0,0.0,2.0,0.0,1.0,0.0,2.0,6.0,2.0,2.0,1.0,2.0,0.0,0.0,1.0,0.0,0.0,0.0,1.0,0.0,0.0,0.0,5.0
435,2.0,4.0,0.0,0.0,0.0,0.0,0.0,1.0,1.0,5.0,1.0,0.0,1.0,0.0,1.0,0.0,2.0,2.0,3.0,1.0,2.0,2.0,0.0,1.0,4.0,0.0,0.0,2.0,0.0,0.0,2.0,0.0,3.0,4.0,3.0,1.0,1.0,1.0,0.0,1.0,1.0,0.0,2.0,0.0,3.0,0.0,0.0,0.0,5.0
436,1.0,3.0,1.0,0.0,0.0,0.0,0.0,2.0,1.0,8.0,3.0,0.0,2.0,0.0,1.0,1.0,3.0,8.0,3.0,1.0,0.0,1.0,0.0,2.0,3.0,4.0,1.0,2.0,1.0,0.0,2.0,0.0,2.0,7.0,1.0,2.0,0.0,2.0,0.0,0.0,0.0,1.0,2.0,0.0,3.0,0.0,0.0,0.0,5.0
437,1.0,3.0,2.0,0.0,0.0,0.0,0.0,3.0,0.0,1.0,1.0,2.0,1.0,0.0,3.0,0.0,2.0,2.0,0.0,4.0,0.0,4.0,0.0,0.0,2.0,1.0,0.0,3.0,0.0,0.0,3.0,0.0,1.0,7.0,0.0,1.0,0.0,2.0,0.0,1.0,2.0,2.0,1.0,0.0,2.0,0.0,0.0,0.0,5.0
438,0.0,0.0,0.0,0.0,0.0,0.0,0.0,1.0,1.0,6.0,1.0,0.0,0.0,0.0,1.0,1.0,1.0,0.0,8.0,3.0,0.0,0.0,0.0,5.0,0.0,4.0,1.0,0.0,2.0,0.0,0.0,0.0,1.0,2.0,2.0,1.0,3.0,2.0,0.0,0.0,0.0,0.0,0.0,0.0,0.0,0.0,0.0,0.0,5.0
439,3.0,5.0,1.0,0.0,0.0,0.0,0.0,1.0,3.0,3.0,1.0,0.0,1.0,0.0,1.0,1.0,2.0,3.0,0.0,3.0,0.0,3.0,0.0,0.0,3.0,2.0,3.0,3.0,1.0,0.0,2.0,1.0,2.0,4.0,0.0,1.0,0.0,2.0,0.0,0.0,1.0,1.0,1.0,0.0,2.0,0.0,0.0,0.0,5.0
440,0.0,0.0,1.0,0.0,0.0,0.0,0.0,2.0,1.0,4.0,2.0,1.0,1.0,0.0,2.0,1.0,3.0,4.0,6.0,3.0,1.0,1.0,2.0,5.0,5.0,0.0,0.0,1.0,0.0,0.0,1.0,0.0,1.0,5.0,1.0,1.0,1.0,2.0,0.0,0.0,0.0,0.0,0.0,0.0,1.0,0.0,0.0,0.0,5.0
441,0.0,0.0,0.0,0.0,0.0,0.0,0.0,1.0,1.0,7.0,1.0,0.0,0.0,0.0,1.0,1.0,3.0,9.0,2.0,3.0,0.0,2.0,1.0,2.0,1.0,7.0,2.0,1.0,3.0,0.0,2.0,0.0,0.0,4.0,0.0,1.0,0.0,2.0,0.0,0.0,0.0,0.0,0.0,0.0,1.0,0.0,0.0,0.0,5.0
442,0.0,0.0,0.0,0.0,0.0,0.0,0.0,1.0,2.0,5.0,1.0,1.0,0.0,0.0,2.0,1.0,3.0,1.0,8.0,1.0,2.0,0.0,0.0,5.0,4.0,4.0,1.0,1.0,1.0,0.0,1.0,0.0,1.0,4.0,1.0,1.0,1.0,2.0,0.0,0.0,0.0,0.0,0.0,0.0,1.0,0.0,0.0,0.0,5.0
443,0.0,0.0,0.0,0.0,0.0,0.0,0.0,1.0,1.0,5.0,1.0,0.0,0.0,0.0,1.0,1.0,2.0,6.0,4.0,2.0,0.0,1.0,0.0,3.0,2.0,5.0,2.0,2.0,2.0,0.0,2.0,0.0,0.0,4.0,0.0,0.0,0.0,1.0,0.0,0.0,0.0,0.0,0.0,0.0,0.0,0.0,0.0,0.0,5.0
444,0.0,0.0,0.0,0.0,0.0,0.0,0.0,1.0,1.0,7.0,3.0,0.0,1.0,0.0,1.0,2.0,4.0,1.0,3.0,4.0,1.0,2.0,2.0,1.0,0.0,2.0,1.0,0.0,2.0,0.0,0.0,0.0,4.0,2.0,4.0,0.0,3.0,1.0,0.0,2.0,0.0,0.0,0.0,0.0,0.0,0.0,0.0,0.0,5.0
445,1.0,4.0,1.0,0.0,0.0,0.0,0.0,2.0,2.0,4.0,0.0,0.0,0.0,0.0,1.0,0.0,4.0,3.0,0.0,4.0,0.0,3.0,1.0,0.0,2.0,2.0,0.0,2.0,0.0,0.0,2.0,0.0,1.0,6.0,2.0,0.0,1.0,1.0,0.0,2.0,1.0,1.0,2.0,0.0,3.0,0.0,0.0,0.0,5.0
446,0.0,0.0,0.0,0.0,0.0,0.0,0.0,1.0,1.0,6.0,0.0,0.0,0.0,0.0,1.0,0.0,1.0,2.0,4.0,1.0,0.0,1.0,0.0,4.0,1.0,5.0,2.0,3.0,2.0,0.0,3.0,0.0,0.0,4.0,0.0,0.0,0.0,1.0,0.0,0.0,0.0,0.0,0.0,0.0,1.0,0.0,0.0,0.0,5.0
447,2.0,2.0,2.0,0.0,0.0,0.0,0.0,2.0,1.0,1.0,0.0,1.0,1.0,0.0,2.0,0.0,7.0,1.0,1.0,2.0,0.0,1.0,0.0,0.0,2.0,2.0,0.0,2.0,0.0,0.0,2.0,0.0,1.0,0.0,0.0,0.0,0.0,1.0,0.0,1.0,2.0,1.0,2.0,0.0,2.0,0.0,0.0,0.0,5.0
448,1.0,2.0,2.0,0.0,0.0,0.0,0.0,3.0,1.0,5.0,1.0,2.0,1.0,0.0,2.0,0.0,1.0,2.0,0.0,4.0,0.0,4.0,1.0,1.0,2.0,1.0,1.0,2.0,1.0,0.0,3.0,0.0,3.0,6.0,1.0,1.0,0.0,1.0,0.0,0.0,1.0,0.0,2.0,0.0,3.0,0.0,0.0,0.0,5.0
449,1.0,1.0,1.0,0.0,0.0,0.0,0.0,2.0,2.0,6.0,0.0,0.0,0.0,0.0,1.0,0.0,2.0,2.0,7.0,3.0,0.0,0.0,0.0,4.0,3.0,5.0,0.0,1.0,1.0,1.0,2.0,0.0,0.0,6.0,0.0,1.0,0.0,2.0,0.0,0.0,0.0,1.0,1.0,0.0,2.0,0.0,0.0,0.0,5.0
450,3.0,2.0,2.0,0.0,0.0,0.0,0.0,2.0,2.0,9.0,0.0,1.0,1.0,0.0,2.0,0.0,3.0,3.0,2.0,1.0,1.0,2.0,1.0,3.0,5.0,1.0,3.0,2.0,1.0,0.0,1.0,1.0,1.0,5.0,0.0,2.0,0.0,3.0,0.0,0.0,0.0,1.0,2.0,0.0,3.0,0.0,0.0,0.0,5.0
451,1.0,1.0,1.0,0.0,0.0,0.0,0.0,2.0,1.0,6.0,0.0,1.0,0.0,0.0,2.0,0.0,6.0,0.0,1.0,3.0,0.0,2.0,0.0,0.0,1.0,5.0,0.0,0.0,1.0,0.0,1.0,0.0,1.0,4.0,5.0,0.0,2.0,1.0,0.0,3.0,1.0,0.0,0.0,0.0,1.0,0.0,0.0,0.0,5.0
452,0.0,0.0,0.0,0.0,0.0,0.0,0.0,1.0,0.0,4.0,1.0,1.0,0.0,0.0,2.0,1.0,1.0,0.0,6.0,1.0,0.0,0.0,0.0,5.0,2.0,5.0,2.0,2.0,2.0,0.0,2.0,0.0,0.0,6.0,0.0,0.0,0.0,1.0,0.0,0.0,0.0,0.0,0.0,0.0,0.0,0.0,0.0,0.0,5.0
453,0.0,1.0,2.0,0.0,0.0,0.0,0.0,3.0,1.0,9.0,3.0,0.0,2.0,0.0,1.0,1.0,5.0,1.0,4.0,3.0,0.0,1.0,0.0,2.0,2.0,0.0,0.0,1.0,1.0,0.0,2.0,0.0,2.0,4.0,1.0,4.0,0.0,3.0,1.0,0.0,2.0,0.0,1.0,0.0,2.0,0.0,0.0,0.0,5.0
454,0.0,0.0,1.0,0.0,0.0,0.0,0.0,2.0,1.0,6.0,0.0,0.0,0.0,0.0,1.0,0.0,4.0,6.0,3.0,1.0,0.0,0.0,0.0,2.0,1.0,2.0,4.0,3.0,3.0,0.0,2.0,0.0,0.0,8.0,0.0,0.0,0.0,1.0,0.0,0.0,0.0,0.0,0.0,0.0,1.0,0.0,0.0,0.0,5.0
455,0.0,0.0,1.0,0.0,0.0,0.0,0.0,2.0,1.0,4.0,1.0,1.0,0.0,0.0,2.0,1.0,2.0,4.0,4.0,4.0,0.0,2.0,1.0,3.0,1.0,8.0,2.0,1.0,3.0,0.0,2.0,0.0,0.0,5.0,0.0,0.0,0.0,1.0,0.0,0.0,0.0,0.0,0.0,0.0,0.0,0.0,0.0,0.0,5.0
456,0.0,1.0,3.0,0.0,0.0,0.0,0.0,4.0,1.0,9.0,1.0,1.0,1.0,0.0,2.0,0.0,1.0,15.0,2.0,4.0,0.0,3.0,1.0,3.0,2.0,0.0,0.0,3.0,0.0,0.0,4.0,0.0,0.0,6.0,0.0,2.0,0.0,3.0,0.0,0.0,1.0,1.0,1.0,0.0,2.0,0.0,0.0,0.0,5.0
457,0.0,2.0,2.0,0.0,0.0,0.0,0.0,3.0,1.0,6.0,1.0,0.0,1.0,0.0,1.0,0.0,3.0,5.0,1.0,5.0,0.0,3.0,1.0,0.0,1.0,1.0,0.0,2.0,1.0,0.0,3.0,0.0,2.0,5.0,0.0,4.0,0.0,3.0,1.0,0.0,2.0,1.0,3.0,1.0,3.0,0.0,0.0,0.0,5.0
458,1.0,1.0,2.0,0.0,0.0,0.0,0.0,3.0,1.0,2.0,0.0,2.0,0.0,0.0,3.0,0.0,3.0,5.0,3.0,2.0,1.0,2.0,0.0,1.0,1.0,4.0,1.0,3.0,2.0,1.0,3.0,0.0,0.0,1.0,0.0,1.0,0.0,2.0,0.0,1.0,1.0,1.0,2.0,0.0,3.0,0.0,0.0,0.0,5.0
459,0.0,3.0,2.0,0.0,0.0,0.0,0.0,3.0,3.0,5.0,1.0,0.0,0.0,0.0,1.0,1.0,1.0,7.0,1.0,2.0,0.0,3.0,1.0,3.0,2.0,1.0,0.0,2.0,0.0,0.0,3.0,0.0,0.0,4.0,0.0,3.0,0.0,4.0,0.0,0.0,1.0,0.0,2.0,0.0,3.0,0.0,0.0,0.0,5.0
460,0.0,1.0,2.0,0.0,0.0,0.0,0.0,3.0,2.0,4.0,1.0,1.0,0.0,0.0,2.0,1.0,2.0,11.0,1.0,1.0,0.0,2.0,0.0,2.0,2.0,2.0,2.0,2.0,2.0,0.0,2.0,0.0,1.0,6.0,0.0,1.0,0.0,2.0,0.0,0.0,0.0,1.0,1.0,0.0,2.0,0.0,0.0,0.0,5.0
461,1.0,2.0,0.0,0.0,0.0,0.0,0.0,1.0,0.0,4.0,0.0,1.0,0.0,0.0,2.0,0.0,4.0,4.0,2.0,3.0,0.0,1.0,1.0,1.0,3.0,7.0,0.0,1.0,1.0,1.0,1.0,0.0,0.0,5.0,0.0,1.0,0.0,2.0,0.0,0.0,0.0,0.0,0.0,0.0,0.0,0.0,0.0,0.0,5.0
462,2.0,1.0,0.0,0.0,0.0,0.0,0.0,1.0,3.0,5.0,3.0,0.0,1.0,0.0,1.0,2.0,3.0,3.0,3.0,3.0,0.0,2.0,0.0,2.0,1.0,0.0,0.0,2.0,0.0,0.0,3.0,0.0,1.0,5.0,1.0,1.0,0.0,2.0,0.0,1.0,0.0,0.0,2.0,0.0,3.0,0.0,0.0,0.0,5.0
463,1.0,1.0,2.0,0.0,0.0,0.0,0.0,3.0,2.0,10.0,1.0,1.0,1.0,0.0,2.0,1.0,2.0,5.0,1.0,1.0,1.0,2.0,1.0,1.0,4.0,0.0,0.0,2.0,0.0,0.0,2.0,0.0,1.0,5.0,0.0,2.0,0.0,3.0,0.0,0.0,1.0,1.0,1.0,0.0,2.0,0.0,0.0,0.0,5.0
464,3.0,3.0,2.0,1.0,0.0,0.0,1.0,2.0,2.0,5.0,0.0,0.0,0.0,0.0,1.0,0.0,2.0,4.0,2.0,2.0,1.0,2.0,2.0,2.0,5.0,1.0,0.0,3.0,0.0,0.0,3.0,0.0,0.0,3.0,0.0,4.0,0.0,4.0,0.0,0.0,0.0,0.0,3.0,0.0,4.0,0.0,0.0,0.0,5.0
465,0.0,1.0,2.0,0.0,0.0,0.0,0.0,3.0,1.0,4.0,0.0,1.0,0.0,0.0,2.0,0.0,5.0,0.0,3.0,4.0,2.0,1.0,2.0,1.0,0.0,1.0,0.0,0.0,0.0,0.0,1.0,0.0,1.0,2.0,0.0,0.0,0.0,2.0,0.0,1.0,4.0,1.0,0.0,0.0,1.0,0.0,0.0,0.0,5.0
466,2.0,4.0,1.0,0.0,0.0,0.0,0.0,2.0,2.0,6.0,0.0,0.0,0.0,0.0,1.0,0.0,3.0,5.0,2.0,1.0,2.0,2.0,1.0,1.0,2.0,1.0,1.0,5.0,1.0,1.0,3.0,0.0,2.0,7.0,0.0,2.0,0.0,2.0,0.0,0.0,1.0,2.0,3.0,0.0,3.0,0.0,0.0,0.0,5.0
467,1.0,3.0,2.0,0.0,0.0,0.0,0.0,3.0,2.0,7.0,1.0,0.0,1.0,0.0,1.0,0.0,1.0,3.0,2.0,5.0,0.0,4.0,0.0,1.0,2.0,0.0,0.0,2.0,0.0,0.0,3.0,0.0,1.0,9.0,1.0,2.0,0.0,2.0,0.0,1.0,2.0,1.0,1.0,0.0,2.0,0.0,0.0,0.0,5.0
468,2.0,5.0,3.0,0.0,0.0,0.0,0.0,3.0,1.0,9.0,0.0,1.0,1.0,0.0,2.0,0.0,1.0,4.0,0.0,4.0,0.0,4.0,0.0,0.0,1.0,1.0,0.0,5.0,0.0,1.0,4.0,0.0,0.0,5.0,0.0,4.0,0.0,4.0,0.0,0.0,2.0,4.0,2.0,0.0,2.0,0.0,0.0,0.0,5.0
469,0.0,1.0,2.0,1.0,0.0,0.0,1.0,3.0,2.0,5.0,1.0,0.0,0.0,0.0,1.0,1.0,5.0,7.0,0.0,1.0,0.0,1.0,1.0,1.0,2.0,3.0,0.0,2.0,1.0,0.0,3.0,0.0,1.0,4.0,1.0,2.0,1.0,3.0,0.0,0.0,1.0,0.0,1.0,0.0,2.0,0.0,0.0,0.0,5.0
470,1.0,0.0,2.0,0.0,0.0,0.0,0.0,3.0,1.0,4.0,0.0,2.0,0.0,0.0,3.0,0.0,4.0,7.0,1.0,1.0,0.0,1.0,2.0,3.0,2.0,1.0,1.0,3.0,2.0,1.0,3.0,0.0,0.0,5.0,1.0,2.0,1.0,3.0,0.0,0.0,0.0,0.0,1.0,0.0,2.0,0.0,0.0,0.0,5.0
471,2.0,2.0,2.0,0.0,0.0,0.0,0.0,2.0,2.0,5.0,1.0,0.0,2.0,0.0,1.0,0.0,4.0,2.0,4.0,1.0,2.0,1.0,0.0,2.0,6.0,0.0,0.0,4.0,0.0,0.0,3.0,0.0,2.0,8.0,0.0,2.0,0.0,2.0,0.0,0.0,1.0,1.0,3.0,0.0,3.0,0.0,0.0,0.0,5.0
472,0.0,1.0,1.0,0.0,0.0,0.0,0.0,2.0,1.0,7.0,0.0,0.0,0.0,0.0,1.0,0.0,3.0,3.0,4.0,2.0,1.0,1.0,0.0,2.0,0.0,5.0,4.0,4.0,3.0,0.0,3.0,0.0,1.0,4.0,1.0,1.0,1.0,2.0,0.0,0.0,0.0,0.0,1.0,0.0,2.0,0.0,0.0,0.0,5.0
473,5.0,2.0,2.0,0.0,0.0,0.0,0.0,2.0,1.0,1.0,0.0,1.0,1.0,0.0,2.0,0.0,5.0,1.0,0.0,3.0,0.0,3.0,0.0,0.0,2.0,0.0,0.0,1.0,0.0,0.0,2.0,0.0,2.0,4.0,1.0,1.0,0.0,1.0,1.0,2.0,2.0,1.0,0.0,0.0,1.0,0.0,0.0,0.0,5.0
474,3.0,5.0,1.0,0.0,0.0,0.0,0.0,1.0,2.0,1.0,0.0,0.0,0.0,0.0,1.0,0.0,3.0,4.0,0.0,1.0,0.0,1.0,0.0,0.0,3.0,0.0,0.0,4.0,0.0,0.0,4.0,0.0,2.0,5.0,0.0,1.0,0.0,1.0,1.0,1.0,2.0,1.0,3.0,0.0,3.0,0.0,0.0,0.0,5.0
475,0.0,1.0,1.0,0.0,0.0,0.0,0.0,2.0,1.0,7.0,0.0,0.0,0.0,0.0,1.0,0.0,5.0,6.0,2.0,2.0,0.0,0.0,0.0,1.0,2.0,6.0,2.0,2.0,2.0,0.0,2.0,0.0,0.0,5.0,0.0,1.0,0.0,2.0,0.0,0.0,0.0,1.0,0.0,0.0,1.0,0.0,0.0,0.0,5.0
476,1.0,2.0,1.0,0.0,0.0,0.0,0.0,2.0,2.0,8.0,2.0,0.0,1.0,0.0,1.0,1.0,2.0,7.0,5.0,2.0,0.0,0.0,1.0,5.0,1.0,1.0,1.0,2.0,1.0,0.0,3.0,0.0,1.0,6.0,0.0,1.0,0.0,2.0,0.0,0.0,1.0,1.0,1.0,0.0,2.0,0.0,0.0,0.0,5.0
477,1.0,3.0,1.0,0.0,0.0,0.0,0.0,2.0,0.0,3.0,0.0,2.0,0.0,0.0,3.0,0.0,4.0,0.0,2.0,4.0,0.0,2.0,0.0,0.0,2.0,5.0,0.0,2.0,1.0,0.0,3.0,0.0,3.0,2.0,0.0,1.0,0.0,2.0,0.0,0.0,1.0,0.0,2.0,0.0,3.0,0.0,0.0,0.0,5.0
478,0.0,1.0,1.0,0.0,0.0,0.0,0.0,2.0,1.0,5.0,1.0,1.0,0.0,0.0,2.0,1.0,5.0,6.0,2.0,1.0,0.0,1.0,1.0,3.0,3.0,1.0,0.0,1.0,1.0,0.0,2.0,0.0,1.0,4.0,1.0,1.0,1.0,2.0,0.0,0.0,0.0,0.0,0.0,0.0,1.0,0.0,0.0,0.0,5.0
479,1.0,3.0,0.0,0.0,0.0,0.0,0.0,1.0,1.0,6.0,0.0,1.0,0.0,0.0,2.0,0.0,2.0,9.0,2.0,2.0,0.0,2.0,0.0,2.0,1.0,1.0,1.0,2.0,1.0,0.0,3.0,0.0,1.0,5.0,0.0,1.0,0.0,2.0,0.0,0.0,0.0,0.0,2.0,0.0,3.0,0.0,0.0,0.0,5.0
480,2.0,6.0,0.0,0.0,0.0,0.0,0.0,1.0,2.0,7.0,0.0,0.0,0.0,0.0,1.0,0.0,4.0,6.0,2.0,1.0,1.0,1.0,0.0,1.0,3.0,1.0,0.0,4.0,0.0,0.0,4.0,0.0,2.0,7.0,1.0,2.0,0.0,2.0,1.0,2.0,1.0,1.0,3.0,0.0,4.0,0.0,0.0,0.0,5.0
481,0.0,2.0,1.0,0.0,0.0,0.0,0.0,2.0,2.0,5.0,1.0,0.0,0.0,0.0,1.0,1.0,3.0,8.0,3.0,4.0,0.0,2.0,0.0,2.0,2.0,5.0,0.0,1.0,1.0,0.0,2.0,0.0,0.0,5.0,1.0,1.0,1.0,2.0,0.0,0.0,0.0,1.0,0.0,0.0,1.0,0.0,0.0,0.0,5.0
482,0.0,2.0,2.0,0.0,0.0,0.0,0.0,3.0,0.0,10.0,2.0,0.0,2.0,0.0,1.0,0.0,3.0,3.0,2.0,6.0,2.0,3.0,2.0,0.0,0.0,0.0,0.0,0.0,0.0,0.0,1.0,0.0,3.0,7.0,1.0,2.0,0.0,2.0,1.0,1.0,2.0,0.0,1.0,0.0,2.0,0.0,0.0,0.0,5.0
483,0.0,1.0,1.0,0.0,0.0,0.0,0.0,2.0,2.0,6.0,1.0,0.0,0.0,0.0,1.0,1.0,4.0,3.0,4.0,1.0,1.0,0.0,1.0,3.0,4.0,1.0,1.0,1.0,1.0,0.0,1.0,0.0,1.0,4.0,1.0,1.0,1.0,2.0,0.0,0.0,0.0,0.0,1.0,0.0,2.0,0.0,0.0,0.0,5.0
484,3.0,0.0,0.0,0.0,0.0,0.0,0.0,1.0,0.0,8.0,1.0,2.0,1.0,0.0,3.0,0.0,3.0,3.0,3.0,1.0,0.0,1.0,0.0,2.0,3.0,2.0,0.0,1.0,1.0,0.0,2.0,0.0,1.0,6.0,3.0,0.0,1.0,1.0,0.0,2.0,0.0,0.0,1.0,0.0,2.0,0.0,0.0,0.0,5.0
485,0.0,4.0,4.0,0.0,0.0,0.0,0.0,4.0,2.0,7.0,0.0,2.0,0.0,0.0,2.0,0.0,2.0,6.0,2.0,2.0,1.0,2.0,1.0,1.0,4.0,2.0,1.0,5.0,0.0,1.0,3.0,1.0,2.0,7.0,2.0,2.0,0.0,2.0,0.0,2.0,0.0,1.0,4.0,0.0,4.0,0.0,0.0,0.0,5.0
486,2.0,1.0,3.0,0.0,0.0,0.0,0.0,3.0,1.0,3.0,0.0,1.0,1.0,0.0,2.0,0.0,4.0,3.0,1.0,1.0,1.0,1.0,2.0,1.0,6.0,0.0,1.0,3.0,0.0,0.0,2.0,0.0,1.0,1.0,0.0,2.0,0.0,3.0,0.0,0.0,1.0,1.0,1.0,0.0,2.0,0.0,0.0,0.0,5.0
487,1.0,1.0,1.0,0.0,0.0,0.0,0.0,2.0,1.0,7.0,2.0,1.0,1.0,0.0,2.0,1.0,4.0,7.0,4.0,2.0,1.0,1.0,1.0,3.0,2.0,0.0,1.0,2.0,1.0,0.0,3.0,0.0,1.0,6.0,0.0,1.0,0.0,2.0,0.0,0.0,0.0,0.0,1.0,0.0,2.0,0.0,0.0,0.0,5.0
488,0.0,3.0,2.0,0.0,0.0,0.0,0.0,3.0,1.0,6.0,1.0,2.0,0.0,0.0,2.0,0.0,2.0,2.0,1.0,3.0,1.0,3.0,0.0,0.0,3.0,1.0,1.0,3.0,0.0,0.0,3.0,0.0,1.0,8.0,4.0,1.0,2.0,2.0,0.0,2.0,0.0,1.0,1.0,0.0,2.0,0.0,0.0,0.0,5.0
489,1.0,5.0,5.0,0.0,1.0,0.0,0.0,4.0,2.0,4.0,1.0,1.0,2.0,1.0,1.0,0.0,1.0,9.0,1.0,2.0,0.0,2.0,1.0,2.0,2.0,3.0,0.0,6.0,0.0,2.0,4.0,0.0,1.0,8.0,0.0,3.0,0.0,3.0,0.0,0.0,2.0,6.0,2.0,0.0,2.0,0.0,0.0,0.0,5.0
490,1.0,2.0,0.0,0.0,0.0,0.0,0.0,1.0,2.0,4.0,4.0,0.0,1.0,0.0,1.0,3.0,4.0,0.0,5.0,1.0,1.0,0.0,0.0,3.0,3.0,3.0,3.0,2.0,3.0,1.0,1.0,0.0,3.0,5.0,3.0,1.0,2.0,1.0,0.0,0.0,0.0,0.0,0.0,0.0,1.0,0.0,0.0,0.0,5.0
491,0.0,0.0,1.0,0.0,0.0,0.0,0.0,2.0,2.0,5.0,1.0,0.0,0.0,0.0,1.0,1.0,2.0,0.0,6.0,3.0,0.0,1.0,0.0,3.0,4.0,3.0,1.0,1.0,1.0,0.0,1.0,0.0,2.0,6.0,1.0,0.0,1.0,1.0,0.0,0.0,0.0,0.0,1.0,0.0,2.0,0.0,0.0,0.0,5.0
492,2.0,2.0,1.0,0.0,0.0,0.0,0.0,2.0,0.0,3.0,1.0,2.0,1.0,0.0,3.0,0.0,4.0,3.0,2.0,2.0,0.0,1.0,0.0,1.0,1.0,1.0,0.0,2.0,0.0,0.0,3.0,0.0,1.0,1.0,0.0,2.0,0.0,3.0,0.0,0.0,2.0,2.0,1.0,0.0,2.0,0.0,0.0,0.0,5.0
493,0.0,1.0,2.0,0.0,0.0,0.0,0.0,3.0,1.0,3.0,3.0,0.0,3.0,0.0,1.0,1.0,3.0,1.0,1.0,4.0,1.0,3.0,1.0,0.0,1.0,0.0,0.0,2.0,0.0,0.0,3.0,0.0,1.0,3.0,0.0,2.0,0.0,2.0,0.0,0.0,1.0,1.0,1.0,0.0,2.0,0.0,0.0,0.0,5.0
494,0.0,1.0,1.0,0.0,0.0,0.0,0.0,2.0,2.0,5.0,3.0,0.0,1.0,0.0,1.0,2.0,3.0,4.0,4.0,0.0,2.0,1.0,0.0,3.0,4.0,0.0,1.0,1.0,1.0,0.0,1.0,0.0,2.0,6.0,3.0,1.0,1.0,1.0,0.0,1.0,0.0,0.0,1.0,0.0,2.0,0.0,0.0,0.0,5.0
495,1.0,0.0,1.0,0.0,0.0,0.0,0.0,2.0,1.0,4.0,2.0,1.0,1.0,0.0,2.0,1.0,2.0,2.0,6.0,2.0,0.0,1.0,0.0,3.0,4.0,0.0,1.0,1.0,1.0,0.0,1.0,0.0,2.0,6.0,3.0,0.0,2.0,1.0,0.0,1.0,0.0,0.0,0.0,0.0,1.0,0.0,0.0,0.0,5.0
496,1.0,6.0,1.0,0.0,0.0,0.0,0.0,2.0,1.0,7.0,2.0,1.0,1.0,0.0,2.0,1.0,2.0,6.0,1.0,5.0,0.0,3.0,1.0,0.0,1.0,4.0,0.0,5.0,0.0,1.0,4.0,0.0,2.0,7.0,0.0,2.0,0.0,2.0,0.0,0.0,1.0,5.0,3.0,0.0,3.0,0.0,0.0,0.0,5.0
497,0.0,3.0,1.0,0.0,0.0,0.0,0.0,2.0,2.0,1.0,1.0,0.0,0.0,0.0,1.0,1.0,5.0,6.0,6.0,2.0,1.0,0.0,0.0,2.0,4.0,7.0,1.0,4.0,0.0,1.0,3.0,1.0,1.0,3.0,0.0,0.0,1.0,2.0,0.0,1.0,0.0,3.0,4.0,0.0,4.0,0.0,0.0,0.0,5.0
498,0.0,1.0,1.0,0.0,0.0,0.0,0.0,2.0,2.0,5.0,1.0,0.0,0.0,0.0,1.0,1.0,3.0,1.0,6.0,1.0,1.0,0.0,0.0,4.0,4.0,2.0,1.0,1.0,1.0,0.0,1.0,0.0,2.0,4.0,2.0,1.0,2.0,2.0,0.0,0.0,0.0,1.0,0.0,0.0,1.0,0.0,0.0,0.0,5.0
499,0.0,0.0,0.0,0.0,0.0,0.0,0.0,1.0,1.0,3.0,2.0,1.0,0.0,0.0,2.0,2.0,2.0,3.0,4.0,1.0,0.0,0.0,0.0,4.0,3.0,4.0,2.0,1.0,2.0,0.0,1.0,0.0,1.0,4.0,2.0,1.0,2.0,2.0,0.0,0.0,0.0,0.0,0.0,0.0,0.0,0.0,0.0,0.0,5.0
